"biceps","bone","caliper1","caliper2","caliper3","calories","chest","comment","dateTime","fat","hip","lbm","muscle","neck","thigh","visceralFat","waist","water","weight"
0.0,3.27,0.0,0.0,0.0,0.0,0.0,"","2024-12-17 08:03",31.48,0.0,60.96,65.03,0.0,0.0,21.22,0.0,48.92,93.25
0.0,3.2648401,0.0,0.0,0.0,0.0,0.0,"","2024-12-16 08:24",31.423033,0.0,60.78605,65.08142,0.0,0.0,21.0409,0.0,48.96395,93.4
0.0,3.2794273,0.0,0.0,0.0,0.0,0.0,"","2024-12-15 06:16",31.596285,0.0,61.054268,64.91682,0.0,0.0,21.371424,0.0,48.840256,94.05
0.0,3.2705142,0.0,0.0,0.0,0.0,0.0,"","2024-12-13 07:53",31.634634,0.0,60.89038,64.88053,0.0,0.0,21.26972,0.0,48.81287,93.85
0.0,3.272825,0.0,0.0,0.0,0.0,0.0,"","2024-12-12 06:33",31.440794,0.0,60.932873,65.06447,0.0,0.0,21.168024,0.0,48.95127,93.65
0.0,3.2738774,0.0,0.0,0.0,0.0,0.0,"","2024-12-11 07:03",31.419008,0.0,60.95222,65.08513,0.0,0.0,21.168024,0.0,48.966827,93.65
0.0,3.2836359,0.0,0.0,0.0,0.0,0.0,"","2024-12-10 06:01",31.509531,0.0,61.131657,64.9991,0.0,0.0,21.371424,0.0,48.902195,94.05
0.0,3.3041236,0.0,0.0,0.0,0.0,0.0,"","2024-12-09 07:40",31.84806,0.0,61.50837,64.677574,0.0,0.0,21.905348,0.0,48.66048,95.1
0.0,3.27788,0.0,0.0,0.0,0.0,0.0,"","2024-12-06 07:56",31.482475,0.0,61.025814,65.02484,0.0,0.0,21.26972,0.0,48.92151,93.85
0.0,3.2740219,0.0,0.0,0.0,0.0,0.0,"","2024-12-05 07:06",31.562174,0.0,60.954876,64.94925,0.0,0.0,21.26972,0.0,48.86461,93.85
0.0,3.2743723,0.0,0.0,0.0,0.0,0.0,"","2024-12-04 07:03",31.554932,0.0,60.961323,64.95612,0.0,0.0,21.26972,0.0,48.869778,93.85
0.0,3.2914143,0.0,0.0,0.0,0.0,0.0,"","2024-12-03 07:22",31.67609,0.0,61.27468,64.840935,0.0,0.0,21.600248,0.0,48.783276,94.5
0.0,3.2709062,0.0,0.0,0.0,0.0,0.0,"","2024-12-01 07:16",31.223482,0.0,60.89759,65.27073,0.0,0.0,20.99005,0.0,49.106434,93.3
0.0,3.2679968,0.0,0.0,0.0,0.0,0.0,"","2024-11-30 05:43",31.357502,0.0,60.8441,65.14358,0.0,0.0,21.0409,0.0,49.010746,93.4
0.0,3.2703698,0.0,0.0,0.0,0.0,0.0,"","2024-11-29 05:46",31.491625,0.0,60.887726,65.01626,0.0,0.0,21.168024,0.0,48.91498,93.65
0.0,3.2671926,0.0,0.0,0.0,0.0,0.0,"","2024-11-28 05:22",31.447596,0.0,60.829304,65.058075,0.0,0.0,21.091745,0.0,48.946415,93.5
0.0,3.2748675,0.0,0.0,0.0,0.0,0.0,"","2024-11-27 06:37",31.69028,0.0,60.970425,64.82767,0.0,0.0,21.371424,0.0,48.773144,94.05
0.0,3.2930648,0.0,0.0,0.0,0.0,0.0,"","2024-11-26 06:19",31.714493,0.0,61.305027,64.80447,0.0,0.0,21.651094,0.0,48.75585,94.6
0.0,3.2886498,0.0,0.0,0.0,0.0,0.0,"","2024-11-25 07:22",31.948847,0.0,61.223846,64.582115,0.0,0.0,21.752798,0.0,48.588524,94.8
0.0,3.302143,0.0,0.0,0.0,0.0,0.0,"","2024-11-24 06:39",31.92423,0.0,61.47195,64.60531,0.0,0.0,21.930773,0.0,48.6061,95.15
0.0,3.290713,0.0,0.0,0.0,0.0,0.0,"","2024-11-23 07:42",31.69048,0.0,61.261784,64.827286,0.0,0.0,21.600248,0.0,48.773,94.5
0.0,3.2780862,0.0,0.0,0.0,0.0,0.0,"","2024-11-22 07:49",31.949532,0.0,61.029606,64.5816,0.0,0.0,21.600248,0.0,48.58803,94.5
0.0,3.270968,0.0,0.0,0.0,0.0,0.0,"","2024-11-20 08:14",31.552326,0.0,60.898724,64.95864,0.0,0.0,21.218874,0.0,48.87164,93.75
0.0,3.283698,0.0,0.0,0.0,0.0,0.0,"","2024-11-19 06:54",31.834394,0.0,61.132797,64.69079,0.0,0.0,21.600248,0.0,48.670242,94.5
0.0,3.2856991,0.0,0.0,0.0,0.0,0.0,"","2024-11-18 07:03",31.865442,0.0,61.169594,64.6613,0.0,0.0,21.651094,0.0,48.648075,94.6
0.0,3.2774258,0.0,0.0,0.0,0.0,0.0,"","2024-11-16 10:17",31.564777,0.0,61.017464,64.94675,0.0,0.0,21.32057,0.0,48.86275,93.95
0.0,3.2901766,0.0,0.0,0.0,0.0,0.0,"","2024-11-15 10:39",31.953508,0.0,61.251923,64.577675,0.0,0.0,21.778223,0.0,48.585194,94.85
0.0,3.2846265,0.0,0.0,0.0,0.0,0.0,"","2024-11-14 09:26",31.779253,0.0,61.149868,64.74311,0.0,0.0,21.57482,0.0,48.709614,94.45
0.0,3.2777145,0.0,0.0,0.0,0.0,0.0,"","2024-11-13 05:59",31.848972,0.0,61.022778,64.67703,0.0,0.0,21.52397,0.0,48.659836,94.35
0.0,3.2829964,0.0,0.0,0.0,0.0,0.0,"","2024-11-12 07:18",31.84879,0.0,61.119896,64.67714,0.0,0.0,21.600248,0.0,48.659966,94.5
0.0,3.3081675,0.0,0.0,0.0,0.0,0.0,"","2024-11-11 07:55",32.122498,0.0,61.582726,64.41708,0.0,0.0,22.159597,0.0,48.464535,95.6
0.0,3.2965314,0.0,0.0,0.0,0.0,0.0,"","2024-11-10 06:42",32.038574,0.0,61.368767,64.496864,0.0,0.0,21.930773,0.0,48.524456,95.15
0.0,3.2992342,0.0,0.0,0.0,0.0,0.0,"","2024-11-08 06:31",32.054913,0.0,61.418465,64.48133,0.0,0.0,21.981623,0.0,48.512787,95.25
0.0,3.2856991,0.0,0.0,0.0,0.0,0.0,"","2024-11-07 06:21",31.865442,0.0,61.169594,64.6613,0.0,0.0,21.651094,0.0,48.648075,94.6
0.0,3.2951283,0.0,0.0,0.0,0.0,0.0,"","2024-11-06 06:40",32.067154,0.0,61.34298,64.46976,0.0,0.0,21.930773,0.0,48.504047,95.15
0.0,3.3139443,0.0,0.0,0.0,0.0,0.0,"","2024-11-05 06:03",32.25337,0.0,61.688946,64.29281,0.0,0.0,22.337572,0.0,48.37109,95.95
0.0,3.3270664,0.0,0.0,0.0,0.0,0.0,"","2024-11-04 06:48",32.72444,0.0,61.93023,63.845592,0.0,0.0,22.871496,0.0,48.034748,97.0
0.0,3.307404,0.0,0.0,0.0,0.0,0.0,"","2024-11-03 07:39",32.42074,0.0,61.568687,64.13405,0.0,0.0,22.362997,0.0,48.25159,96.0
0.0,3.3143985,0.0,0.0,0.0,0.0,0.0,"","2024-11-01 07:13",32.173504,0.0,61.697296,64.36859,0.0,0.0,22.286722,0.0,48.428112,95.85
0.0,3.3070328,0.0,0.0,0.0,0.0,0.0,"","2024-10-31 06:33",32.322483,0.0,61.561863,64.227295,0.0,0.0,22.286722,0.0,48.321747,95.85
0.0,3.3115926,0.0,0.0,0.0,0.0,0.0,"","2024-10-30 06:55",32.23026,0.0,61.645706,64.314766,0.0,0.0,22.286722,0.0,48.387596,95.85
0.0,3.324075,0.0,0.0,0.0,0.0,0.0,"","2024-10-29 05:44",32.435966,0.0,61.87522,64.1194,0.0,0.0,22.617247,0.0,48.24072,96.5
0.0,3.3491838,0.0,0.0,0.0,0.0,0.0,"","2024-10-28 07:17",32.973377,0.0,62.336914,63.609097,0.0,0.0,23.379995,0.0,47.85701,98.0
0.0,3.3199484,0.0,0.0,0.0,0.0,0.0,"","2024-10-26 06:40",32.34359,0.0,61.799343,64.20711,0.0,0.0,22.490122,0.0,48.306675,96.25
0.0,3.3227134,0.0,0.0,0.0,0.0,0.0,"","2024-10-25 08:54",32.67263,0.0,61.850185,63.894817,0.0,0.0,22.7698,0.0,48.07174,96.8
0.0,3.2865863,0.0,0.0,0.0,0.0,0.0,"","2024-10-24 07:10",32.20558,0.0,61.1859,64.33849,0.0,0.0,21.905348,0.0,48.405212,95.1
0.0,3.3017511,0.0,0.0,0.0,0.0,0.0,"","2024-10-23 06:14",32.32341,0.0,61.464745,64.22649,0.0,0.0,22.210447,0.0,48.321083,95.7
0.0,3.312562,0.0,0.0,0.0,0.0,0.0,"","2024-10-22 08:38",32.387,0.0,61.66353,64.16601,0.0,0.0,22.413847,0.0,48.27568,96.1
0.0,3.3433037,0.0,0.0,0.0,0.0,0.0,"","2024-10-21 05:30",32.91858,0.0,62.228786,63.66116,0.0,0.0,23.25287,0.0,47.896133,97.75
0.0,3.3109941,0.0,0.0,0.0,0.0,0.0,"","2024-10-19 07:56",32.1716,0.0,61.6347,64.370445,0.0,0.0,22.235872,0.0,48.429474,95.75
0.0,3.3344116,0.0,0.0,0.0,0.0,0.0,"","2024-10-17 05:35",32.473206,0.0,62.065292,64.08394,0.0,0.0,22.795221,0.0,48.21413,96.85
0.0,3.3292327,0.0,0.0,0.0,0.0,0.0,"","2024-10-14 07:40",32.402386,0.0,61.970062,64.1512,0.0,0.0,22.668097,0.0,48.26469,96.6
0.0,3.3211446,0.0,0.0,0.0,0.0,0.0,"","2024-10-13 07:19",32.45984,0.0,61.821342,64.09678,0.0,0.0,22.591822,0.0,48.22367,96.45
0.0,3.30074,0.0,0.0,0.0,0.0,0.0,"","2024-10-09 10:29",31.952816,0.0,61.446156,64.57819,0.0,0.0,21.930773,0.0,48.585686,95.15
0.0,3.2618694,0.0,0.0,0.0,0.0,0.0,"","2024-10-02 10:21",31.22698,0.0,60.731422,65.26751,0.0,0.0,20.862925,0.0,49.103935,93.05
0.0,3.2918267,0.0,0.0,0.0,0.0,0.0,"","2024-10-01 09:32",31.377161,0.0,61.28226,65.12462,0.0,0.0,21.396845,0.0,48.996708,94.1
0.0,3.2837598,0.0,0.0,0.0,0.0,0.0,"","2024-09-28 10:24",31.543362,0.0,61.133934,64.96699,0.0,0.0,21.396845,0.0,48.878036,94.1
0.0,3.2700398,0.0,0.0,0.0,0.0,0.0,"","2024-09-27 10:05",30.982573,0.0,60.881657,65.49937,0.0,0.0,20.81207,0.0,49.278442,92.95
0.0,3.2612507,0.0,0.0,0.0,0.0,0.0,"","2024-09-25 10:06",31.054634,0.0,60.72005,65.43108,0.0,0.0,20.7358,0.0,49.22699,92.8
0.0,3.2632928,0.0,0.0,0.0,0.0,0.0,"","2024-09-25 08:32",31.308056,0.0,60.757595,65.19056,0.0,0.0,20.939196,0.0,49.046043,93.2
0.0,3.2681005,0.0,0.0,0.0,0.0,0.0,"","2024-09-20 09:53",31.28178,0.0,60.846004,65.21544,0.0,0.0,20.99005,0.0,49.064804,93.3
0.0,3.276085,0.0,0.0,0.0,0.0,0.0,"","2024-09-19 08:51",31.29995,0.0,60.992813,65.19809,0.0,0.0,21.117174,0.0,49.051834,93.55
0.0,3.2523375,0.0,0.0,0.0,0.0,0.0,"","2024-09-18 09:00",31.092335,0.0,60.55616,65.395424,0.0,0.0,20.634096,0.0,49.200073,92.6
0.0,3.2602394,0.0,0.0,0.0,0.0,0.0,"","2024-09-17 09:10",31.297857,0.0,60.701454,65.20027,0.0,0.0,20.888346,0.0,49.05333,93.1
0.0,3.2634993,0.0,0.0,0.0,0.0,0.0,"","2024-09-13 09:44",31.156027,0.0,60.761395,65.33484,0.0,0.0,20.837496,0.0,49.154594,93.0
0.0,3.254442,0.0,0.0,0.0,0.0,0.0,"","2024-09-12 09:13",31.048267,0.0,60.594864,65.43722,0.0,0.0,20.634096,0.0,49.23154,92.6
0.0,3.2693176,0.0,0.0,0.0,0.0,0.0,"","2024-09-09 10:32",31.513405,0.0,60.868378,64.9956,0.0,0.0,21.168024,0.0,48.89943,93.65
0.0,3.2263825,0.0,0.0,0.0,0.0,0.0,"","2024-09-03 06:38",30.357206,0.0,60.07892,66.093414,0.0,0.0,19.769648,0.0,49.724953,90.9
0.0,3.210145,0.0,0.0,0.0,0.0,0.0,"","2024-08-28 09:59",30.127012,0.0,59.780357,66.3121,0.0,0.0,19.388273,0.0,49.889313,90.15
0.0,3.2059357,0.0,0.0,0.0,0.0,0.0,"","2024-08-22 09:34",30.217535,0.0,59.702957,66.22624,0.0,0.0,19.388273,0.0,49.82468,90.15
0.0,3.212765,0.0,0.0,0.0,0.0,0.0,"","2024-08-21 09:27",30.341112,0.0,59.828526,66.108864,0.0,0.0,19.566248,0.0,49.736446,90.5
0.0,3.2119606,0.0,0.0,0.0,0.0,0.0,"","2024-08-20 07:16",30.435211,0.0,59.813736,66.01958,0.0,0.0,19.617098,0.0,49.66926,90.6
0.0,3.206844,0.0,0.0,0.0,0.0,0.0,"","2024-08-16 11:12",30.042797,0.0,59.719658,66.39206,0.0,0.0,19.28657,0.0,49.94944,89.95
0.0,3.2121668,0.0,0.0,0.0,0.0,0.0,"","2024-08-16 10:54",30.276882,0.0,59.817535,66.16984,0.0,0.0,19.515398,0.0,49.782303,90.4
0.0,3.2203784,0.0,0.0,0.0,0.0,0.0,"","2024-08-15 10:23",30.255074,0.0,59.968525,66.19042,0.0,0.0,19.617098,0.0,49.79788,90.6
0.0,3.2098353,0.0,0.0,0.0,0.0,0.0,"","2024-08-13 10:16",30.365402,0.0,59.774654,66.08585,0.0,0.0,19.54082,0.0,49.7191,90.45
0.0,3.2192435,0.0,0.0,0.0,0.0,0.0,"","2024-08-13 10:07",30.471218,0.0,59.947655,65.98531,0.0,0.0,19.744223,0.0,49.643543,90.85
0.0,3.2171185,0.0,0.0,0.0,0.0,0.0,"","2024-08-08 09:21",30.401653,0.0,59.90858,66.05136,0.0,0.0,19.667944,0.0,49.693214,90.7
0.0,3.2261345,0.0,0.0,0.0,0.0,0.0,"","2024-08-07 10:21",30.285799,0.0,60.074364,66.161194,0.0,0.0,19.718798,0.0,49.77594,90.8
0.0,3.248046,0.0,0.0,0.0,0.0,0.0,"","2024-08-05 12:31",30.733372,0.0,60.477253,65.736145,0.0,0.0,20.328997,0.0,49.45637,92.0
0.0,3.2546482,0.0,0.0,0.0,0.0,0.0,"","2024-08-05 12:24",30.894703,0.0,60.598648,65.582954,0.0,0.0,20.532396,0.0,49.341183,92.4
0.0,3.251842,0.0,0.0,0.0,0.0,0.0,"","2024-07-30 11:46",30.95358,0.0,60.54705,65.52711,0.0,0.0,20.532396,0.0,49.29914,92.4
0.0,3.2458384,0.0,0.0,0.0,0.0,0.0,"","2024-07-26 11:53",30.855047,0.0,60.436665,65.6207,0.0,0.0,20.379847,0.0,49.369495,92.1
0.0,3.2458384,0.0,0.0,0.0,0.0,0.0,"","2024-07-16 08:38",30.855047,0.0,60.436665,65.6207,0.0,0.0,20.379847,0.0,49.369495,92.1
0.0,3.2468903,0.0,0.0,0.0,0.0,0.0,"","2024-07-15 11:39",30.832905,0.0,60.456005,65.6417,0.0,0.0,20.379847,0.0,49.385307,92.1
0.0,3.2573717,0.0,0.0,0.0,0.0,0.0,"","2024-07-11 10:17",31.024176,0.0,60.64873,65.460045,0.0,0.0,20.659521,0.0,49.248734,92.65
0.0,3.2703078,0.0,0.0,0.0,0.0,0.0,"","2024-07-09 10:09",31.16213,0.0,60.88658,65.32896,0.0,0.0,20.939196,0.0,49.150238,93.2
0.0,3.2804177,0.0,0.0,0.0,0.0,0.0,"","2024-07-08 09:03",31.2469,0.0,61.07248,65.248375,0.0,0.0,21.142595,0.0,49.08971,93.6
0.0,3.2497172,0.0,0.0,0.0,0.0,0.0,"","2024-07-03 08:59",30.88596,0.0,60.507988,65.59132,0.0,0.0,20.456121,0.0,49.347424,92.25
0.0,3.2493663,0.0,0.0,0.0,0.0,0.0,"","2024-07-02 11:23",30.893337,0.0,60.50153,65.58431,0.0,0.0,20.456121,0.0,49.34215,92.25
0.0,3.2436306,0.0,0.0,0.0,0.0,0.0,"","2024-06-28 11:49",30.33421,0.0,60.396072,66.11503,0.0,0.0,19.998472,0.0,49.741367,91.35
0.0,3.2378328,0.0,0.0,0.0,0.0,0.0,"","2024-06-27 08:41",30.72269,0.0,60.28946,65.746414,0.0,0.0,20.176447,0.0,49.464,91.7
0.0,3.3101895,0.0,0.0,0.0,0.0,0.0,"","2024-06-24 10:44",31.652534,0.0,61.619904,64.86306,0.0,0.0,21.854498,0.0,48.800087,95.0
0.0,3.2544625,0.0,0.0,0.0,0.0,0.0,"","2024-06-22 11:36",30.522638,0.0,60.595234,65.93606,0.0,0.0,20.278147,0.0,49.60684,91.9
0.0,3.2544625,0.0,0.0,0.0,0.0,0.0,"","2024-06-18 11:58",30.522638,0.0,60.595234,65.93606,0.0,0.0,20.278147,0.0,49.60684,91.9
0.0,3.2630248,0.0,0.0,0.0,0.0,0.0,"","2024-06-15 07:53",30.49327,0.0,60.75267,65.96381,0.0,0.0,20.379847,0.0,49.627804,92.1
0.0,3.2577634,0.0,0.0,0.0,0.0,0.0,"","2024-06-14 06:38",30.604023,0.0,60.655933,65.85878,0.0,0.0,20.379847,0.0,49.54873,92.1
0.0,3.2647374,0.0,0.0,0.0,0.0,0.0,"","2024-06-13 05:57",30.870056,0.0,60.78416,65.60622,0.0,0.0,20.659521,0.0,49.35878,92.65
0.0,3.2597234,0.0,0.0,0.0,0.0,0.0,"","2024-06-10 05:43",31.049389,0.0,60.691967,65.43608,0.0,0.0,20.710371,0.0,49.230732,92.75
0.0,3.241423,0.0,0.0,0.0,0.0,0.0,"","2024-06-07 08:05",30.457193,0.0,60.35547,65.99832,0.0,0.0,20.049322,0.0,49.653564,91.45
0.0,3.2319114,0.0,0.0,0.0,0.0,0.0,"","2024-06-06 06:58",30.430614,0.0,60.180584,66.023674,0.0,0.0,19.896772,0.0,49.672535,91.15
0.0,3.2375236,0.0,0.0,0.0,0.0,0.0,"","2024-06-05 06:47",30.31125,0.0,60.28377,66.13688,0.0,0.0,19.896772,0.0,49.757767,91.15
0.0,3.2367396,0.0,0.0,0.0,0.0,0.0,"","2024-06-04 07:33",30.51849,0.0,60.269363,65.94022,0.0,0.0,20.023897,0.0,49.609795,91.4
0.0,3.2384932,0.0,0.0,0.0,0.0,0.0,"","2024-06-03 08:57",30.481297,0.0,60.3016,65.975494,0.0,0.0,20.023897,0.0,49.636356,91.4
0.0,3.2598062,0.0,0.0,0.0,0.0,0.0,"","2024-06-02 09:16",30.8613,0.0,60.69349,65.61458,0.0,0.0,20.583246,0.0,49.365032,92.5
0.0,3.2592075,0.0,0.0,0.0,0.0,0.0,"","2024-06-01 08:03",30.799038,0.0,60.68248,65.673676,0.0,0.0,20.532396,0.0,49.40948,92.4
0.0,3.2566493,0.0,0.0,0.0,0.0,0.0,"","2024-05-31 10:16",30.927467,0.0,60.635445,65.55183,0.0,0.0,20.583246,0.0,49.317787,92.5
0.0,3.242269,0.0,0.0,0.0,0.0,0.0,"","2024-05-29 06:50",30.591053,0.0,60.371033,65.871284,0.0,0.0,20.151022,0.0,49.55799,91.65
0.0,3.2447243,0.0,0.0,0.0,0.0,0.0,"","2024-05-28 08:31",30.53912,0.0,60.416172,65.92054,0.0,0.0,20.151022,0.0,49.595062,91.65
0.0,3.2366774,0.0,0.0,0.0,0.0,0.0,"","2024-05-27 06:45",30.822557,0.0,60.268215,65.65165,0.0,0.0,20.227297,0.0,49.392693,91.8
0.0,3.2492218,0.0,0.0,0.0,0.0,0.0,"","2024-05-26 07:00",30.746233,0.0,60.49887,65.72392,0.0,0.0,20.354425,0.0,49.44719,92.05
0.0,3.268864,0.0,0.0,0.0,0.0,0.0,"","2024-05-25 06:36",30.96997,0.0,60.860035,65.51134,0.0,0.0,20.78665,0.0,49.287437,92.9
0.0,3.2500267,0.0,0.0,0.0,0.0,0.0,"","2024-05-24 08:18",30.006916,0.0,60.51367,66.425545,0.0,0.0,19.871347,0.0,49.97506,91.1
0.0,3.2249587,0.0,0.0,0.0,0.0,0.0,"","2024-05-23 08:13",30.272507,0.0,60.052742,66.17382,0.0,0.0,19.693373,0.0,49.78543,90.75
0.0,3.2482316,0.0,0.0,0.0,0.0,0.0,"","2024-05-22 06:34",30.464924,0.0,60.480667,65.990906,0.0,0.0,20.151022,0.0,49.64805,91.65
0.0,3.2421038,0.0,0.0,0.0,0.0,0.0,"","2024-05-21 06:20",30.328482,0.0,60.367996,66.120476,0.0,0.0,19.973047,0.0,49.74546,91.3
0.0,3.2297661,0.0,0.0,0.0,0.0,0.0,"","2024-05-20 10:52",30.893236,0.0,60.141132,65.58466,0.0,0.0,20.176447,0.0,49.34223,91.7
0.0,3.212868,0.0,0.0,0.0,0.0,0.0,"","2024-05-19 11:14",30.261845,0.0,59.830425,66.1841,0.0,0.0,19.515398,0.0,49.793045,90.4
0.0,3.21978,0.0,0.0,0.0,0.0,0.0,"","2024-05-18 10:00",30.190832,0.0,59.95752,66.2514,0.0,0.0,19.566248,0.0,49.843746,90.5
0.0,3.2357905,0.0,0.0,0.0,0.0,0.0,"","2024-05-17 04:47",30.462545,0.0,60.251907,65.993324,0.0,0.0,19.973047,0.0,49.64974,91.3
0.0,0.0,0.0,0.0,0.0,0.0,0.0,"","2024-05-16 06:52",0.0,0.0,0.0,0.0,0.0,0.0,0.0,0.0,0.0,91.55
0.0,0.0,0.0,0.0,0.0,0.0,0.0,"","2024-05-15 06:22",0.0,0.0,0.0,0.0,0.0,0.0,0.0,0.0,0.0,91.3
0.0,3.2263825,0.0,0.0,0.0,0.0,0.0,"","2024-05-14 05:57",30.357206,0.0,60.07892,66.093414,0.0,0.0,19.769648,0.0,49.724953,90.9
0.0,3.2414644,0.0,0.0,0.0,0.0,0.0,"","2024-05-13 06:52",30.683708,0.0,60.356236,65.78336,0.0,0.0,20.201872,0.0,49.491833,91.75
0.0,3.249428,0.0,0.0,0.0,0.0,0.0,"","2024-05-12 08:02",30.591076,0.0,60.502666,65.87117,0.0,0.0,20.252722,0.0,49.55797,91.85
0.0,3.2246077,0.0,0.0,0.0,0.0,0.0,"","2024-05-11 06:51",30.280006,0.0,60.046288,66.16671,0.0,0.0,19.693373,0.0,49.78007,90.75
0.0,3.2226067,0.0,0.0,0.0,0.0,0.0,"","2024-05-10 06:12",30.245893,0.0,60.00949,66.199104,0.0,0.0,19.642523,0.0,49.80443,90.65
0.0,3.2329638,0.0,0.0,0.0,0.0,0.0,"","2024-05-09 08:33",30.408234,0.0,60.199932,66.0449,0.0,0.0,19.896772,0.0,49.688522,91.15
0.0,3.225206,0.0,0.0,0.0,0.0,0.0,"","2024-05-08 05:57",30.343987,0.0,60.05728,66.10598,0.0,0.0,19.744223,0.0,49.73439,90.85
0.0,3.2269597,0.0,0.0,0.0,0.0,0.0,"","2024-05-07 06:59",30.306553,0.0,60.08954,66.14149,0.0,0.0,19.744223,0.0,49.761124,90.85
0.0,3.227909,0.0,0.0,0.0,0.0,0.0,"","2024-05-06 07:44",30.362946,0.0,60.10699,66.08795,0.0,0.0,19.795069,0.0,49.720856,90.95
0.0,3.2509341,0.0,0.0,0.0,0.0,0.0,"","2024-05-05 08:25",30.483604,0.0,60.53036,65.973145,0.0,0.0,20.201872,0.0,49.634705,91.75
0.0,3.2512646,0.0,0.0,0.0,0.0,0.0,"","2024-05-04 08:27",30.362774,0.0,60.53643,66.08781,0.0,0.0,20.125597,0.0,49.720974,91.6
0.0,3.2349443,0.0,0.0,0.0,0.0,0.0,"","2024-05-03 09:23",30.327887,0.0,60.23635,66.12113,0.0,0.0,19.871347,0.0,49.745888,91.1
0.0,3.2422483,0.0,0.0,0.0,0.0,0.0,"","2024-05-02 06:41",30.477709,0.0,60.370647,65.97885,0.0,0.0,20.074747,0.0,49.638916,91.5
0.0,3.2475715,0.0,0.0,0.0,0.0,0.0,"","2024-05-01 06:30",30.705708,0.0,60.46853,65.762405,0.0,0.0,20.303572,0.0,49.476128,91.95
0.0,3.2447035,0.0,0.0,0.0,0.0,0.0,"","2024-04-30 05:59",30.425686,0.0,60.415794,66.02819,0.0,0.0,20.074747,0.0,49.676056,91.5
0.0,3.2511816,0.0,0.0,0.0,0.0,0.0,"","2024-04-29 09:35",30.554062,0.0,60.534912,65.90627,0.0,0.0,20.252722,0.0,49.584396,91.85
0.0,3.257083,0.0,0.0,0.0,0.0,0.0,"","2024-04-28 10:31",30.731165,0.0,60.643414,65.73812,0.0,0.0,20.456121,0.0,49.457947,92.25
0.0,3.2118986,0.0,0.0,0.0,0.0,0.0,"","2024-04-27 10:37",30.0893,0.0,59.8126,66.34786,0.0,0.0,19.388273,0.0,49.916237,90.15
0.0,3.219883,0.0,0.0,0.0,0.0,0.0,"","2024-04-26 09:05",30.111403,0.0,59.959408,66.326775,0.0,0.0,19.515398,0.0,49.900455,90.4
0.0,3.2359762,0.0,0.0,0.0,0.0,0.0,"","2024-04-25 05:43",30.19098,0.0,60.255325,66.25105,0.0,0.0,19.795069,0.0,49.84364,90.95
0.0,3.2495933,0.0,0.0,0.0,0.0,0.0,"","2024-04-24 09:17",30.207664,0.0,60.505707,66.23504,0.0,0.0,19.998472,0.0,49.831726,91.35
0.0,3.2482316,0.0,0.0,0.0,0.0,0.0,"","2024-04-23 05:57",30.464924,0.0,60.480667,65.990906,0.0,0.0,20.151022,0.0,49.64805,91.65
0.0,3.2406595,0.0,0.0,0.0,0.0,0.0,"","2024-04-22 07:32",30.776161,0.0,60.341434,65.69563,0.0,0.0,20.252722,0.0,49.42582,91.85
0.0,3.2448683,0.0,0.0,0.0,0.0,0.0,"","2024-04-21 09:03",30.687326,0.0,60.41882,65.779884,0.0,0.0,20.252722,0.0,49.489246,91.85
0.0,3.2479634,0.0,0.0,0.0,0.0,0.0,"","2024-04-20 08:48",30.280416,0.0,60.47574,66.166016,0.0,0.0,20.023897,0.0,49.77978,91.4
0.0,3.2313957,0.0,0.0,0.0,0.0,0.0,"","2024-04-19 05:50",30.17347,0.0,60.171097,66.26773,0.0,0.0,19.718798,0.0,49.85614,90.8
0.0,3.223246,0.0,0.0,0.0,0.0,0.0,"","2024-04-18 07:14",30.53872,0.0,60.02125,65.921196,0.0,0.0,19.845922,0.0,49.595352,91.05
0.0,3.228796,0.0,0.0,0.0,0.0,0.0,"","2024-04-17 05:46",30.724884,0.0,60.1233,65.744446,0.0,0.0,20.049322,0.0,49.462433,91.45
0.0,3.2257218,0.0,0.0,0.0,0.0,0.0,"","2024-04-16 06:54",30.600334,0.0,60.066772,65.862686,0.0,0.0,19.922197,0.0,49.55136,91.2
0.0,3.245962,0.0,0.0,0.0,0.0,0.0,"","2024-04-15 05:42",30.88997,0.0,60.438934,65.587555,0.0,0.0,20.405272,0.0,49.344563,92.15
0.0,3.2304468,0.0,0.0,0.0,0.0,0.0,"","2024-04-14 09:36",30.11676,0.0,60.15365,66.321556,0.0,0.0,19.667944,0.0,49.89663,90.7
0.0,3.2386167,0.0,0.0,0.0,0.0,0.0,"","2024-04-13 07:46",30.516684,0.0,60.30387,65.9419,0.0,0.0,20.049322,0.0,49.611088,91.45
0.0,3.2280948,0.0,0.0,0.0,0.0,0.0,"","2024-04-12 05:48",30.739748,0.0,60.1104,65.73035,0.0,0.0,20.049322,0.0,49.45182,91.45
0.0,3.2386167,0.0,0.0,0.0,0.0,0.0,"","2024-04-11 06:37",30.516684,0.0,60.30387,65.9419,0.0,0.0,20.049322,0.0,49.611088,91.45
0.0,3.2483144,0.0,0.0,0.0,0.0,0.0,"","2024-04-10 09:06",30.915445,0.0,60.482185,65.56335,0.0,0.0,20.456121,0.0,49.32637,92.25
0.0,3.2379978,0.0,0.0,0.0,0.0,0.0,"","2024-04-09 11:05",30.339373,0.0,60.292492,66.11019,0.0,0.0,19.922197,0.0,49.737686,91.2
0.0,3.234429,0.0,0.0,0.0,0.0,0.0,"","2024-04-08 10:11",30.7191,0.0,60.226875,65.74986,0.0,0.0,20.125597,0.0,49.46656,91.6
0.0,3.2325306,0.0,0.0,0.0,0.0,0.0,"","2024-04-07 09:08",30.607773,0.0,60.19197,65.855545,0.0,0.0,20.023897,0.0,49.546047,91.4
0.0,3.2195737,0.0,0.0,0.0,0.0,0.0,"","2024-04-06 08:22",30.34917,0.0,59.953728,66.101135,0.0,0.0,19.667944,0.0,49.73069,90.7
0.0,3.2311072,0.0,0.0,0.0,0.0,0.0,"","2024-04-05 06:02",30.523945,0.0,60.1658,65.93512,0.0,0.0,19.947622,0.0,49.605904,91.25
0.0,3.2396898,0.0,0.0,0.0,0.0,0.0,"","2024-04-04 06:42",30.607754,0.0,60.323605,65.85546,0.0,0.0,20.125597,0.0,49.54606,91.6
0.0,3.249676,0.0,0.0,0.0,0.0,0.0,"","2024-04-03 05:44",30.661333,0.0,60.50723,65.8045,0.0,0.0,20.303572,0.0,49.50781,91.95
0.0,3.2451367,0.0,0.0,0.0,0.0,0.0,"","2024-04-02 07:02",30.869818,0.0,60.423763,65.60669,0.0,0.0,20.379847,0.0,49.358948,92.1
0.0,3.2517598,0.0,0.0,0.0,0.0,0.0,"","2024-04-01 06:38",31.14161,0.0,60.545544,65.34867,0.0,0.0,20.659521,0.0,49.16489,92.65
0.0,3.2678525,0.0,0.0,0.0,0.0,0.0,"","2024-03-31 06:28",31.213205,0.0,60.84144,65.28052,0.0,0.0,20.939196,0.0,49.11377,93.2
0.0,3.2527707,0.0,0.0,0.0,0.0,0.0,"","2024-03-30 08:11",30.8967,0.0,60.564125,65.581085,0.0,0.0,20.506971,0.0,49.339756,92.35
0.0,3.257475,0.0,0.0,0.0,0.0,0.0,"","2024-03-29 08:04",30.947489,0.0,60.650627,65.53282,0.0,0.0,20.608675,0.0,49.303493,92.55
0.0,3.2580109,0.0,0.0,0.0,0.0,0.0,"","2024-03-28 05:59",30.674088,0.0,60.660477,65.79228,0.0,0.0,20.430696,0.0,49.4987,92.2
0.0,3.2516975,0.0,0.0,0.0,0.0,0.0,"","2024-03-27 06:26",30.806839,0.0,60.54439,65.666374,0.0,0.0,20.430696,0.0,49.403915,92.2
0.0,3.245591,0.0,0.0,0.0,0.0,0.0,"","2024-03-26 07:56",30.785107,0.0,60.432114,65.68708,0.0,0.0,20.328997,0.0,49.419426,92.0
0.0,3.262901,0.0,0.0,0.0,0.0,0.0,"","2024-03-25 07:19",31.094408,0.0,60.750397,65.393326,0.0,0.0,20.78665,0.0,49.19859,92.9
0.0,3.264902,0.0,0.0,0.0,0.0,0.0,"","2024-03-24 07:42",31.12678,0.0,60.787193,65.36258,0.0,0.0,20.837496,0.0,49.17548,93.0
0.0,3.2721233,0.0,0.0,0.0,0.0,0.0,"","2024-03-23 07:17",31.45532,0.0,60.919968,65.05068,0.0,0.0,21.168024,0.0,48.9409,93.65
0.0,3.2631896,0.0,0.0,0.0,0.0,0.0,"","2024-03-22 07:20",30.752956,0.0,60.7557,65.71736,0.0,0.0,20.557821,0.0,49.442383,92.45
0.0,3.2599504,0.0,0.0,0.0,0.0,0.0,"","2024-03-21 07:01",31.007444,0.0,60.696148,65.47589,0.0,0.0,20.684946,0.0,49.260685,92.7
0.0,3.2705555,0.0,0.0,0.0,0.0,0.0,"","2024-03-20 06:17",31.230766,0.0,60.891144,65.26382,0.0,0.0,20.99005,0.0,49.10123,93.3
0.0,0.0,0.0,0.0,0.0,0.0,0.0,"","2024-03-20 06:16",0.0,0.0,0.0,0.0,0.0,0.0,0.0,0.0,0.0,93.3
0.0,3.2689047,0.0,0.0,0.0,0.0,0.0,"","2024-03-19 08:38",31.191313,0.0,60.860786,65.30128,0.0,0.0,20.939196,0.0,49.129402,93.2
0.0,3.2571652,0.0,0.0,0.0,0.0,0.0,"","2024-03-18 07:53",31.177061,0.0,60.644936,65.31496,0.0,0.0,20.76122,0.0,49.139576,92.85
0.0,3.2577841,0.0,0.0,0.0,0.0,0.0,"","2024-03-17 10:47",31.34898,0.0,60.656315,65.15179,0.0,0.0,20.888346,0.0,49.016823,93.1
0.0,3.2767246,0.0,0.0,0.0,0.0,0.0,"","2024-03-16 06:20",31.579245,0.0,61.00457,64.93302,0.0,0.0,21.32057,0.0,48.852417,93.95
0.0,0.0,0.0,0.0,0.0,0.0,0.0,"","2024-03-15 06:23",0.0,0.0,0.0,0.0,0.0,0.0,0.0,0.0,0.0,93.65
0.0,3.2749293,0.0,0.0,0.0,0.0,0.0,"","2024-03-14 07:26",31.397236,0.0,60.97156,65.105774,0.0,0.0,21.168024,0.0,48.982376,93.65
0.0,0.0,0.0,0.0,0.0,0.0,0.0,"","2024-03-13 06:28",0.0,0.0,0.0,0.0,0.0,0.0,0.0,0.0,0.0,93.8
0.0,3.276394,0.0,0.0,0.0,0.0,0.0,"","2024-03-12 07:13",31.695122,0.0,60.998493,64.82306,0.0,0.0,21.396845,0.0,48.769684,94.1
0.0,3.2694619,0.0,0.0,0.0,0.0,0.0,"","2024-03-11 04:39",31.656372,0.0,60.871033,64.85992,0.0,0.0,21.26972,0.0,48.797348,93.85
0.0,3.2679145,0.0,0.0,0.0,0.0,0.0,"","2024-03-10 05:36",31.54245,0.0,60.842583,64.968056,0.0,0.0,21.168024,0.0,48.87869,93.65
0.0,3.290486,0.0,0.0,0.0,0.0,0.0,"","2024-03-09 06:09",31.73126,0.0,61.25761,64.78858,0.0,0.0,21.625673,0.0,48.743877,94.55
0.0,3.2879074,0.0,0.0,0.0,0.0,0.0,"","2024-03-08 05:57",31.748045,0.0,61.210194,64.77269,0.0,0.0,21.600248,0.0,48.731895,94.5
0.0,3.2957675,0.0,0.0,0.0,0.0,0.0,"","2024-03-07 06:42",31.731266,0.0,61.35472,64.78851,0.0,0.0,21.701944,0.0,48.743877,94.7
0.0,3.2922397,0.0,0.0,0.0,0.0,0.0,"","2024-03-06 09:20",31.695307,0.0,61.289852,64.822685,0.0,0.0,21.625673,0.0,48.76955,94.55
0.0,3.312521,0.0,0.0,0.0,0.0,0.0,"","2024-03-05 20:04",32.1761,0.0,61.662773,64.36615,0.0,0.0,22.261297,0.0,48.42626,95.8
0.0,3.2711537,0.0,0.0,0.0,0.0,0.0,"","2024-01-15 10:15",34.68367,0.0,60.90214,61.986908,0.0,0.0,27.40712,0.0,46.63586,98.25
0.0,3.2791383,0.0,0.0,0.0,0.0,0.0,"","2024-01-14 10:33",34.692287,0.0,61.048958,61.978634,0.0,0.0,27.534248,0.0,46.629704,98.5
0.0,3.3045979,0.0,0.0,0.0,0.0,0.0,"","2024-01-13 10:55",35.178314,0.0,61.51709,61.51709,0.0,0.0,28.296997,0.0,46.28268,100.0
0.0,3.2759607,0.0,0.0,0.0,0.0,0.0,"","2024-01-11 09:05",34.655327,0.0,60.99053,62.013756,0.0,0.0,27.45797,0.0,46.656097,98.35
0.0,3.2639117,0.0,0.0,0.0,0.0,0.0,"","2024-01-10 10:11",34.291542,0.0,60.76898,62.35914,0.0,0.0,27.00032,0.0,46.915836,97.45
0.0,3.279592,0.0,0.0,0.0,0.0,0.0,"","2024-01-05 09:02",34.61698,0.0,61.0573,62.050102,0.0,0.0,27.483398,0.0,46.68347,98.4
0.0,3.2547717,0.0,0.0,0.0,0.0,0.0,"","2024-01-04 11:03",34.37236,0.0,60.600925,62.28255,0.0,0.0,26.92405,0.0,46.85813,97.3
0.0,3.2967372,0.0,0.0,0.0,0.0,0.0,"","2024-01-03 09:16",34.644478,0.0,61.372543,62.023792,0.0,0.0,27.76307,0.0,46.66384,98.95
0.0,3.2683685,0.0,0.0,0.0,0.0,0.0,"","2023-12-29 08:37",34.270332,0.0,60.850925,62.37921,0.0,0.0,27.051174,0.0,46.93098,97.55
0.0,3.2679765,0.0,0.0,0.0,0.0,0.0,"","2023-12-28 08:30",34.07538,0.0,60.84372,62.564236,0.0,0.0,26.89862,0.0,47.07018,97.25
0.0,3.2809126,0.0,0.0,0.0,0.0,0.0,"","2023-12-27 08:21",34.18968,0.0,61.08159,62.455612,0.0,0.0,27.178299,0.0,46.988567,97.8
0.0,3.2833884,0.0,0.0,0.0,0.0,0.0,"","2023-12-27 08:20",34.241455,0.0,61.1271,62.406437,0.0,0.0,27.25457,0.0,46.9516,97.95
0.0,3.2795303,0.0,0.0,0.0,0.0,0.0,"","2023-12-26 09:10",34.31782,0.0,61.056164,62.334015,0.0,0.0,27.25457,0.0,46.897068,97.95
0.0,3.2510993,0.0,0.0,0.0,0.0,0.0,"","2023-12-22 08:02",34.20887,0.0,60.5334,62.437756,0.0,0.0,26.74607,0.0,46.974865,96.95
0.0,3.2403708,0.0,0.0,0.0,0.0,0.0,"","2023-12-21 08:35",33.980793,0.0,60.33613,62.654335,0.0,0.0,26.415546,0.0,47.137714,96.3
0.0,3.241072,0.0,0.0,0.0,0.0,0.0,"","2023-12-20 09:55",33.96668,0.0,60.34902,62.667717,0.0,0.0,26.415546,0.0,47.147793,96.3
0.0,3.2427225,0.0,0.0,0.0,0.0,0.0,"","2023-12-19 10:14",34.001984,0.0,60.379368,62.634193,0.0,0.0,26.466396,0.0,47.122585,96.4
0.0,3.2246904,0.0,0.0,0.0,0.0,0.0,"","2023-12-14 11:24",33.64185,0.0,60.047806,62.9762,0.0,0.0,25.932472,0.0,47.37972,95.35
0.0,3.236678,0.0,0.0,0.0,0.0,0.0,"","2023-12-13 09:31",33.710964,0.0,60.26822,62.91046,0.0,0.0,26.161297,0.0,47.330368,95.8
0.0,3.2516148,0.0,0.0,0.0,0.0,0.0,"","2023-12-12 09:23",33.85745,0.0,60.542877,62.77126,0.0,0.0,26.491821,0.0,47.225777,96.45
0.0,3.2352746,0.0,0.0,0.0,0.0,0.0,"","2023-12-08 08:49",33.739357,0.0,60.242424,62.883533,0.0,0.0,26.161297,0.0,47.310097,95.8
0.0,3.2441876,0.0,0.0,0.0,0.0,0.0,"","2023-12-07 08:24",33.697403,0.0,60.406307,62.923233,0.0,0.0,26.262997,0.0,47.34005,96.0
0.0,3.2465396,0.0,0.0,0.0,0.0,0.0,"","2023-12-06 10:16",33.718945,0.0,60.449554,62.902763,0.0,0.0,26.313847,0.0,47.32467,96.1
0.0,3.2468903,0.0,0.0,0.0,0.0,0.0,"","2023-12-05 10:36",33.71187,0.0,60.456,62.909473,0.0,0.0,26.313847,0.0,47.329723,96.1
0.0,3.2433622,0.0,0.0,0.0,0.0,0.0,"","2023-12-04 09:39",33.67952,0.0,60.391136,62.940216,0.0,0.0,26.237572,0.0,47.35282,95.95
0.0,3.2483344,0.0,0.0,0.0,0.0,0.0,"","2023-12-03 09:25",33.889114,0.0,60.482563,62.741245,0.0,0.0,26.466396,0.0,47.20317,96.4
0.0,3.2370286,0.0,0.0,0.0,0.0,0.0,"","2023-12-01 08:17",33.703865,0.0,60.27467,62.917194,0.0,0.0,26.161297,0.0,47.33544,95.8
0.0,3.2176964,0.0,0.0,0.0,0.0,0.0,"","2023-11-30 11:28",33.294342,0.0,59.919212,63.306087,0.0,0.0,25.576523,0.0,47.62784,94.65
0.0,3.223246,0.0,0.0,0.0,0.0,0.0,"","2023-11-30 11:05",33.46187,0.0,60.021248,63.147022,0.0,0.0,25.779922,0.0,47.508224,95.05
0.0,3.2291467,0.0,0.0,0.0,0.0,0.0,"","2023-11-29 08:01",33.620857,0.0,60.129745,62.996067,0.0,0.0,25.983318,0.0,47.394707,95.45
0.0,3.2333558,0.0,0.0,0.0,0.0,0.0,"","2023-11-28 11:21",33.535362,0.0,60.207138,63.07715,0.0,0.0,25.983318,0.0,47.45575,95.45
0.0,3.2333558,0.0,0.0,0.0,0.0,0.0,"","2023-11-28 11:20",33.535362,0.0,60.207138,63.07715,0.0,0.0,25.983318,0.0,47.45575,95.45
0.0,3.2301989,0.0,0.0,0.0,0.0,0.0,"","2023-11-27 10:43",33.599483,0.0,60.149094,63.01634,0.0,0.0,25.983318,0.0,47.409966,95.45
0.0,3.216665,0.0,0.0,0.0,0.0,0.0,"","2023-11-24 09:01",33.420986,0.0,59.90024,63.185905,0.0,0.0,25.652798,0.0,47.53741,94.8
0.0,3.2094438,0.0,0.0,0.0,0.0,0.0,"","2023-11-23 11:43",33.110035,0.0,59.767464,63.481106,0.0,0.0,25.322273,0.0,47.759438,94.15
0.0,3.212951,0.0,0.0,0.0,0.0,0.0,"","2023-11-22 09:35",33.03781,0.0,59.831947,63.5496,0.0,0.0,25.322273,0.0,47.811,94.15
0.0,3.2094638,0.0,0.0,0.0,0.0,0.0,"","2023-11-22 08:19",33.21602,0.0,59.76783,63.380516,0.0,0.0,25.398548,0.0,47.68376,94.3
0.0,3.2054822,0.0,0.0,0.0,0.0,0.0,"","2023-11-21 10:46",33.26249,0.0,59.694622,63.33647,0.0,0.0,25.373123,0.0,47.650578,94.25
0.0,3.215819,0.0,0.0,0.0,0.0,0.0,"","2023-11-19 10:19",33.29756,0.0,59.88469,63.30305,0.0,0.0,25.551094,0.0,47.62554,94.6
0.0,3.2156332,0.0,0.0,0.0,0.0,0.0,"","2023-11-17 08:33",33.547234,0.0,59.881268,63.06611,0.0,0.0,25.729069,0.0,47.447273,94.95
0.0,3.2165406,0.0,0.0,0.0,0.0,0.0,"","2023-11-16 05:03",33.388393,0.0,59.897953,63.216835,0.0,0.0,25.627373,0.0,47.56068,94.75
0.0,3.2379258,0.0,0.0,0.0,0.0,0.0,"","2023-09-13 08:56",33.546974,0.0,0.0,63.06608,0.0,0.0,25.909597,0.0,47.447456,95.6
0.0,3.242217,0.0,0.0,0.0,0.0,0.0,"","2023-09-12 07:20",33.874954,0.0,0.0,62.754757,0.0,0.0,26.214697,0.0,47.213284,96.2
0.0,3.2283525,0.0,0.0,0.0,0.0,0.0,"","2023-09-12 07:19",33.81035,0.0,0.0,62.816242,0.0,0.0,25.960447,0.0,47.25941,96.1
0.0,3.2283525,0.0,0.0,0.0,0.0,0.0,"","2023-09-11 03:35",33.81035,0.0,0.0,62.816242,0.0,0.0,25.960447,0.0,47.25941,95.7
0.0,3.254741,0.0,0.0,0.0,0.0,0.0,"","2023-09-10 06:51",34.271645,0.0,0.0,62.378136,0.0,0.0,26.697771,0.0,46.930046,97.15
0.0,3.254741,0.0,0.0,0.0,0.0,0.0,"","2023-09-10 03:11",34.271645,0.0,0.0,62.378136,0.0,0.0,26.697771,0.0,46.930046,97.15
0.0,3.2387922,0.0,0.0,0.0,0.0,0.0,"","2023-09-09 07:26",33.771866,0.0,0.0,62.85263,0.0,0.0,26.087572,0.0,47.286884,95.95
0.0,3.2421963,0.0,0.0,0.0,0.0,0.0,"","2023-09-08 03:01",33.77211,0.0,0.0,62.852364,0.0,0.0,26.138422,0.0,47.286713,96.05
0.0,3.2421963,0.0,0.0,0.0,0.0,0.0,"","2023-09-07 07:04",33.77211,0.0,0.0,62.852364,0.0,0.0,26.138422,0.0,47.286713,96.05
0.0,3.2443008,0.0,0.0,0.0,0.0,0.0,"","2023-09-06 06:01",33.72963,0.0,0.0,62.89265,0.0,0.0,26.138422,0.0,47.317043,96.05
0.0,3.2454152,0.0,0.0,0.0,0.0,0.0,"","2023-09-05 05:25",34.01627,0.0,0.0,62.62061,0.0,0.0,26.367247,0.0,47.112385,96.5
0.0,3.2415159,0.0,0.0,0.0,0.0,0.0,"","2023-09-04 07:08",33.889084,0.0,0.0,62.74136,0.0,0.0,26.214697,0.0,47.203194,96.2
0.0,3.250697,0.0,0.0,0.0,0.0,0.0,"","2023-09-04 02:51",34.012733,0.0,0.0,62.623898,0.0,0.0,26.443521,0.0,47.114906,96.65
0.0,3.244115,0.0,0.0,0.0,0.0,0.0,"","2023-09-03 06:28",33.973972,0.0,0.0,62.660763,0.0,0.0,26.316397,0.0,47.142582,96.4
0.0,3.2469418,0.0,0.0,0.0,0.0,0.0,"","2023-09-01 07:10",34.01979,0.0,0.0,62.61725,0.0,0.0,26.392675,0.0,47.109867,96.55
0.0,3.2636535,0.0,0.0,0.0,0.0,0.0,"","2023-09-01 03:06",34.22919,0.0,0.0,62.418316,0.0,0.0,26.79947,0.0,46.96036,97.35
0.0,3.267512,0.0,0.0,0.0,0.0,0.0,"","2023-08-31 08:15",34.152348,0.0,0.0,62.4912,0.0,0.0,26.79947,0.0,47.015224,97.35
0.0,3.2429187,0.0,0.0,0.0,0.0,0.0,"","2023-08-30 06:58",33.860813,0.0,0.0,62.76817,0.0,0.0,26.214697,0.0,47.22338,96.2
0.0,3.2628078,0.0,0.0,0.0,0.0,0.0,"","2023-08-29 03:24",34.110664,0.0,0.0,62.530807,0.0,0.0,26.697771,0.0,47.044987,97.15
0.0,3.2571962,0.0,0.0,0.0,0.0,0.0,"","2023-08-28 05:33",34.22265,0.0,0.0,62.424606,0.0,0.0,26.697771,0.0,46.965027,97.15
0.0,3.2773743,0.0,0.0,0.0,0.0,0.0,"","2023-08-27 08:04",34.158844,0.0,0.0,62.48491,0.0,0.0,26.952024,0.0,47.010586,97.65
0.0,3.278447,0.0,0.0,0.0,0.0,0.0,"","2023-08-26 07:02",34.23856,0.0,0.0,62.40925,0.0,0.0,27.028301,0.0,46.953667,97.8
0.0,3.2831511,0.0,0.0,0.0,0.0,0.0,"","2023-08-26 06:13",34.279705,0.0,0.0,62.370144,0.0,0.0,27.129997,0.0,46.924286,98.0
0.0,3.2607038,0.0,0.0,0.0,0.0,0.0,"","2023-08-25 08:41",34.15265,0.0,0.0,62.490993,0.0,0.0,26.697771,0.0,47.015007,97.15
0.0,3.2629523,0.0,0.0,0.0,0.0,0.0,"","2023-08-25 08:07",34.243156,0.0,0.0,62.40508,0.0,0.0,26.79947,0.0,46.950382,97.35
0.0,3.2584543,0.0,0.0,0.0,0.0,0.0,"","2023-08-24 11:48",33.478577,0.0,0.0,63.130733,0.0,0.0,26.163847,0.0,47.496292,96.1
0.0,3.248881,0.0,0.0,0.0,0.0,0.0,"","2023-08-23 09:34",34.32098,0.0,0.0,62.331383,0.0,0.0,26.646925,0.0,46.894817,97.05
0.0,3.2718034,0.0,0.0,0.0,0.0,0.0,"","2023-08-22 09:45",34.47076,0.0,0.0,62.188953,0.0,0.0,27.104572,0.0,46.787872,97.95
0.0,3.2742586,0.0,0.0,0.0,0.0,0.0,"","2023-08-22 09:16",34.422165,0.0,0.0,62.235054,0.0,0.0,27.104572,0.0,46.82257,97.95
0.0,3.2628696,0.0,0.0,0.0,0.0,0.0,"","2023-08-18 09:30",34.41323,0.0,0.0,62.243664,0.0,0.0,26.926596,0.0,46.82895,97.6
0.0,3.2625191,0.0,0.0,0.0,0.0,0.0,"","2023-08-15 10:23",34.420193,0.0,0.0,62.237057,0.0,0.0,26.926596,0.0,46.82398,97.6
0.0,3.2640047,0.0,0.0,0.0,0.0,0.0,"","2023-08-14 10:24",34.2222,0.0,0.0,62.424953,0.0,0.0,26.79947,0.0,46.965347,99.0
0.0,3.2640047,0.0,0.0,0.0,0.0,0.0,"","2023-08-11 09:41",34.2222,0.0,0.0,62.424953,0.0,0.0,26.79947,0.0,46.965347,97.35
0.0,3.2990582,0.0,0.0,0.0,0.0,0.0,"","2023-08-10 06:31",34.565937,0.0,0.0,62.09832,0.0,0.0,27.58765,0.0,46.71992,98.9
0.0,3.2679658,0.0,0.0,0.0,0.0,0.0,"","2023-08-09 10:30",34.07559,0.0,0.0,62.56404,0.0,0.0,26.748621,0.0,47.070023,97.25
0.0,3.2898977,0.0,0.0,0.0,0.0,0.0,"","2023-08-07 10:25",34.546967,0.0,0.0,62.11642,0.0,0.0,27.435097,0.0,46.733463,98.6
0.0,3.2761362,0.0,0.0,0.0,0.0,0.0,"","2023-08-06 09:46",34.41848,0.0,0.0,62.238525,0.0,0.0,27.129997,0.0,46.825203,98.0
0.0,3.2746298,0.0,0.0,0.0,0.0,0.0,"","2023-08-05 09:44",34.515102,0.0,0.0,62.146847,0.0,0.0,27.180847,0.0,46.75621,98.1
0.0,3.2744443,0.0,0.0,0.0,0.0,0.0,"","2023-08-04 09:24",34.183304,0.0,0.0,62.461727,0.0,0.0,26.926596,0.0,46.99312,97.6
0.0,3.2794375,0.0,0.0,0.0,0.0,0.0,"","2023-08-02 09:45",34.486866,0.0,0.0,62.17358,0.0,0.0,27.231697,0.0,46.77638,98.2
0.0,3.275971,0.0,0.0,0.0,0.0,0.0,"","2023-08-01 10:41",34.186703,0.0,0.0,62.45849,0.0,0.0,26.952024,0.0,46.990692,97.65
0.0,3.3072288,0.0,0.0,0.0,0.0,0.0,"","2023-07-28 10:28",34.33938,0.0,0.0,62.31323,0.0,0.0,27.5368,0.0,46.88168,98.8
0.0,3.2852762,0.0,0.0,0.0,0.0,0.0,"","2023-07-27 09:31",34.338165,0.0,0.0,62.31464,0.0,0.0,27.206276,0.0,46.88255,98.15
0.0,3.271329,0.0,0.0,0.0,0.0,0.0,"","2023-07-26 10:04",34.446693,0.0,0.0,62.211807,0.0,0.0,27.079151,0.0,46.805058,97.9
0.0,3.2774768,0.0,0.0,0.0,0.0,0.0,"","2023-07-26 09:52",34.658657,0.0,0.0,62.010574,0.0,0.0,27.3334,0.0,46.653717,98.4
0.0,3.2696784,0.0,0.0,0.0,0.0,0.0,"","2023-07-24 10:48",34.412384,0.0,0.0,62.24439,0.0,0.0,27.028301,0.0,46.829556,97.8
0.0,3.2987902,0.0,0.0,0.0,0.0,0.0,"","2023-07-23 11:43",34.40538,0.0,0.0,62.250687,0.0,0.0,27.460526,0.0,46.834557,98.65
0.0,3.2670789,0.0,0.0,0.0,0.0,0.0,"","2023-07-20 09:13",34.329617,0.0,0.0,62.322964,0.0,0.0,26.926596,0.0,46.88865,97.6
0.0,3.261157,0.0,0.0,0.0,0.0,0.0,"","2023-07-18 09:42",34.07575,0.0,0.0,62.56397,0.0,0.0,26.646925,0.0,47.069916,97.05
0.0,3.267904,0.0,0.0,0.0,0.0,0.0,"","2023-07-17 09:26",33.770363,0.0,0.0,62.853703,0.0,0.0,26.5198,0.0,47.28796,97.2
0.0,3.267904,0.0,0.0,0.0,0.0,0.0,"","2023-07-16 10:34",33.770363,0.0,0.0,62.853703,0.0,0.0,26.5198,0.0,47.28796,96.8
0.0,3.2599812,0.0,0.0,0.0,0.0,0.0,"","2023-07-16 10:11",34.065266,0.0,0.0,62.57392,0.0,0.0,26.621496,0.0,47.0774,97.0
0.0,3.2686467,0.0,0.0,0.0,0.0,0.0,"","2023-07-14 10:41",33.96016,0.0,0.0,62.673573,0.0,0.0,26.672346,0.0,47.152443,97.1
0.0,3.2686467,0.0,0.0,0.0,0.0,0.0,"","2023-07-14 10:40",33.96016,0.0,0.0,62.673573,0.0,0.0,26.672346,0.0,47.152443,97.1
0.0,3.2588053,0.0,0.0,0.0,0.0,0.0,"","2023-07-13 09:13",34.054775,0.0,0.0,62.583904,0.0,0.0,26.596071,0.0,47.08489,96.95
0.0,3.242506,0.0,0.0,0.0,0.0,0.0,"","2023-07-13 09:12",34.142963,0.0,0.0,62.5004,0.0,0.0,26.418097,0.0,47.021923,96.95
0.0,3.242506,0.0,0.0,0.0,0.0,0.0,"","2023-07-12 09:11",34.142963,0.0,0.0,62.5004,0.0,0.0,26.418097,0.0,47.021923,96.6
0.0,3.2510066,0.0,0.0,0.0,0.0,0.0,"","2023-07-11 10:33",33.801044,0.0,0.0,62.82479,0.0,0.0,26.290972,0.0,47.266056,96.35
0.0,3.2442186,0.0,0.0,0.0,0.0,0.0,"","2023-07-10 10:12",33.90333,0.0,0.0,62.727802,0.0,0.0,26.265547,0.0,47.19302,96.3
0.0,3.2336135,0.0,0.0,0.0,0.0,0.0,"","2023-07-06 10:44",33.70377,0.0,0.0,62.917328,0.0,0.0,25.960447,0.0,47.33551,95.7
0.0,3.2316537,0.0,0.0,0.0,0.0,0.0,"","2023-07-05 09:26",33.881653,0.0,0.0,62.74853,0.0,0.0,26.062147,0.0,47.208496,95.9
0.0,3.2281668,0.0,0.0,0.0,0.0,0.0,"","2023-07-04 09:32",33.466496,0.0,0.0,63.14257,0.0,0.0,25.706194,0.0,47.504925,95.2
0.0,3.2328708,0.0,0.0,0.0,0.0,0.0,"","2023-07-03 09:09",33.51038,0.0,0.0,63.100864,0.0,0.0,25.807898,0.0,47.47359,95.4
0.0,3.2257733,0.0,0.0,0.0,0.0,0.0,"","2023-07-02 11:00",33.828026,0.0,0.0,62.799503,0.0,0.0,25.935022,0.0,47.246788,95.65
0.0,3.2469008,0.0,0.0,0.0,0.0,0.0,"","2023-07-01 08:35",33.81496,0.0,0.0,62.811638,0.0,0.0,26.240122,0.0,47.25612,96.25
0.0,3.2388337,0.0,0.0,0.0,0.0,0.0,"","2023-06-30 08:23",33.977463,0.0,0.0,62.65752,0.0,0.0,26.240122,0.0,47.14009,96.25
0.0,3.2215233,0.0,0.0,0.0,0.0,0.0,"","2023-06-29 11:18",33.70625,0.0,0.0,62.91512,0.0,0.0,25.782473,0.0,47.333733,95.35
0.0,3.224474,0.0,0.0,0.0,0.0,0.0,"","2023-06-29 11:04",33.78514,0.0,0.0,62.84021,0.0,0.0,25.884172,0.0,47.277405,95.55
0.0,3.2402158,0.0,0.0,0.0,0.0,0.0,"","2023-06-29 09:21",33.84652,0.0,0.0,62.78177,0.0,0.0,26.163847,0.0,47.23358,96.1
0.0,3.243414,0.0,0.0,0.0,0.0,0.0,"","2023-06-29 08:04",33.988075,0.0,0.0,62.647385,0.0,0.0,26.316397,0.0,47.132515,96.4
0.0,3.2257528,0.0,0.0,0.0,0.0,0.0,"","2023-06-28 08:35",33.72451,0.0,0.0,62.897736,0.0,0.0,25.858747,0.0,47.320698,95.5
0.0,3.2273002,0.0,0.0,0.0,0.0,0.0,"","2023-06-28 08:06",33.83167,0.0,0.0,62.79603,0.0,0.0,25.960447,0.0,47.24419,95.7
0.0,3.247767,0.0,0.0,0.0,0.0,0.0,"","2023-06-27 08:33",34.03738,0.0,0.0,62.60054,0.0,0.0,26.418097,0.0,47.09731,96.6
0.0,3.2459927,0.0,0.0,0.0,0.0,0.0,"","2023-06-26 12:17",33.97046,0.0,0.0,62.664078,0.0,0.0,26.341822,0.0,47.14509,96.85
0.0,3.2459927,0.0,0.0,0.0,0.0,0.0,"","2023-06-25 14:51",33.97046,0.0,0.0,62.664078,0.0,0.0,26.341822,0.0,47.14509,96.45
0.0,3.2857091,0.0,0.0,0.0,0.0,0.0,"","2023-06-15 09:38",34.728622,0.0,0.0,61.944084,0.0,0.0,27.511375,0.0,46.603764,98.75
0.0,3.2832956,0.0,0.0,0.0,0.0,0.0,"","2023-06-14 10:26",34.97356,0.0,0.0,61.71166,0.0,0.0,27.663925,0.0,46.42888,99.05
0.0,3.2927656,0.0,0.0,0.0,0.0,0.0,"","2023-06-13 08:21",34.788197,0.0,0.0,61.887463,0.0,0.0,27.663925,0.0,46.56123,99.05
0.0,3.2765899,0.0,0.0,0.0,0.0,0.0,"","2023-06-09 07:54",34.907658,0.0,0.0,61.774277,0.0,0.0,27.511375,0.0,46.475933,98.75
0.0,3.2905166,0.0,0.0,0.0,0.0,0.0,"","2023-06-08 08:31",34.700363,0.0,0.0,61.970837,0.0,0.0,27.562222,0.0,46.623936,98.85
0.0,3.2988727,0.0,0.0,0.0,0.0,0.0,"","2023-06-07 08:17",34.80031,0.0,0.0,61.87589,0.0,0.0,27.765625,0.0,46.552578,99.25
0.0,3.3078063,0.0,0.0,0.0,0.0,0.0,"","2023-06-06 08:25",34.855534,0.0,0.0,61.82337,0.0,0.0,27.9436,0.0,46.51315,99.6
0.0,3.3030405,0.0,0.0,0.0,0.0,0.0,"","2023-06-04 06:47",35.078663,0.0,0.0,61.611683,0.0,0.0,28.0453,0.0,46.353836,99.8
0.0,3.2896297,0.0,0.0,0.0,0.0,0.0,"","2023-06-02 09:51",34.948086,0.0,0.0,61.73575,0.0,0.0,27.740196,0.0,46.44706,99.2
0.0,3.3016577,0.0,0.0,0.0,0.0,0.0,"","2023-05-30 12:29",34.647137,0.0,0.0,62.021217,0.0,0.0,27.689346,0.0,46.66194,99.1
0.0,3.3145945,0.0,0.0,0.0,0.0,0.0,"","2023-05-28 09:55",35.30797,0.0,0.0,61.393925,0.0,0.0,28.401249,0.0,46.19011,100.5
0.0,3.317916,0.0,0.0,0.0,0.0,0.0,"","2023-05-27 09:55",34.920113,0.0,0.0,61.76197,0.0,0.0,28.147,0.0,46.467037,100.0
0.0,3.3027928,0.0,0.0,0.0,0.0,0.0,"","2023-05-26 10:34",35.01836,0.0,0.0,61.668915,0.0,0.0,27.994446,0.0,46.39689,99.7
0.0,3.2916102,0.0,0.0,0.0,0.0,0.0,"","2023-05-24 10:33",34.87656,0.0,0.0,61.803608,0.0,0.0,27.714775,0.0,46.49814,99.15
0.0,3.323115,0.0,0.0,0.0,0.0,0.0,"","2023-05-21 10:24",35.078995,0.0,0.0,61.611134,0.0,0.0,28.350399,0.0,46.353596,100.4
0.0,3.2970157,0.0,0.0,0.0,0.0,0.0,"","2023-05-20 10:38",34.902172,0.0,0.0,61.779247,0.0,0.0,27.816475,0.0,46.479847,99.35
0.0,3.2855237,0.0,0.0,0.0,0.0,0.0,"","2023-05-19 10:26",34.962772,0.0,0.0,61.721863,0.0,0.0,27.689346,0.0,46.43658,99.1
0.0,3.2936735,0.0,0.0,0.0,0.0,0.0,"","2023-05-18 12:13",34.638447,0.0,0.0,62.029556,0.0,0.0,27.562222,0.0,46.66815,98.85
0.0,3.306527,0.0,0.0,0.0,0.0,0.0,"","2023-05-17 10:16",34.91311,0.0,0.0,61.76875,0.0,0.0,27.969025,0.0,46.47204,99.65
0.0,3.3085287,0.0,0.0,0.0,0.0,0.0,"","2023-05-17 09:44",34.93945,0.0,0.0,61.743732,0.0,0.0,28.019875,0.0,46.453228,99.75
0.0,3.3034735,0.0,0.0,0.0,0.0,0.0,"","2023-05-16 10:22",34.907196,0.0,0.0,61.774395,0.0,0.0,27.918175,0.0,46.476257,99.55
0.0,3.3063211,0.0,0.0,0.0,0.0,0.0,"","2023-05-16 10:11",35.047478,0.0,0.0,61.64123,0.0,0.0,28.070724,0.0,46.376102,99.85
0.0,3.3138516,0.0,0.0,0.0,0.0,0.0,"","2023-05-14 10:56",35.128647,0.0,0.0,61.56412,0.0,0.0,28.2487,0.0,46.318146,100.2
0.0,3.3138516,0.0,0.0,0.0,0.0,0.0,"","2023-05-14 10:55",35.128647,0.0,0.0,61.56412,0.0,0.0,28.2487,0.0,46.318146,100.2
0.0,3.3210518,0.0,0.0,0.0,0.0,0.0,"","2023-05-14 10:31",35.312126,0.0,0.0,61.389904,0.0,0.0,28.502949,0.0,46.187138,100.7
0.0,3.3194015,0.0,0.0,0.0,0.0,0.0,"","2023-05-14 10:28",35.279633,0.0,0.0,61.42076,0.0,0.0,28.452099,0.0,46.210342,100.6
0.0,3.3185554,0.0,0.0,0.0,0.0,0.0,"","2023-05-13 11:01",35.16705,0.0,0.0,61.52762,0.0,0.0,28.350399,0.0,46.29072,100.4
0.0,3.3071463,0.0,0.0,0.0,0.0,0.0,"","2023-05-12 09:36",35.06397,0.0,0.0,61.625572,0.0,0.0,28.09615,0.0,46.364326,99.9
0.0,3.3152544,0.0,0.0,0.0,0.0,0.0,"","2023-05-10 09:37",35.1015,0.0,0.0,61.58986,0.0,0.0,28.2487,0.0,46.337524,100.2
0.0,3.3136036,0.0,0.0,0.0,0.0,0.0,"","2023-05-10 06:35",35.06864,0.0,0.0,61.62107,0.0,0.0,28.19785,0.0,46.36099,100.1
0.0,3.3184526,0.0,0.0,0.0,0.0,0.0,"","2023-05-07 07:26",35.23354,0.0,0.0,61.46452,0.0,0.0,28.401249,0.0,46.243256,100.5
0.0,3.2992027,0.0,0.0,0.0,0.0,0.0,"","2023-05-05 06:42",35.250538,0.0,0.0,61.448612,0.0,0.0,28.12157,0.0,46.231117,100.4
0.0,3.2992027,0.0,0.0,0.0,0.0,0.0,"","2023-05-04 07:37",35.250538,0.0,0.0,61.448612,0.0,0.0,28.12157,0.0,46.231117,100.6
0.0,3.2992027,0.0,0.0,0.0,0.0,0.0,"","2023-05-03 08:41",35.250538,0.0,0.0,61.448612,0.0,0.0,28.12157,0.0,46.231117,100.4
0.0,3.2992027,0.0,0.0,0.0,0.0,0.0,"","2023-05-02 07:18",35.250538,0.0,0.0,61.448612,0.0,0.0,28.12157,0.0,46.231117,100.3
0.0,3.2992027,0.0,0.0,0.0,0.0,0.0,"","2023-05-02 07:17",35.250538,0.0,0.0,61.448612,0.0,0.0,28.12157,0.0,46.231117,100.1
0.0,3.2992027,0.0,0.0,0.0,0.0,0.0,"","2023-05-01 08:14",35.250538,0.0,0.0,61.448612,0.0,0.0,28.12157,0.0,46.231117,99.95
0.0,3.3091886,0.0,0.0,0.0,0.0,0.0,"","2023-05-01 06:53",35.283463,0.0,0.0,61.417248,0.0,0.0,28.29955,0.0,46.207603,100.3
0.0,3.290702,0.0,0.0,0.0,0.0,0.0,"","2023-04-30 09:03",35.025383,0.0,0.0,61.66238,0.0,0.0,27.816475,0.0,46.391876,99.35
0.0,3.2935495,0.0,0.0,0.0,0.0,0.0,"","2023-04-30 06:59",35.16559,0.0,0.0,61.5293,0.0,0.0,27.969025,0.0,46.291767,99.65
0.0,3.3099935,0.0,0.0,0.0,0.0,0.0,"","2023-04-28 08:07",35.2033,0.0,0.0,61.493313,0.0,0.0,28.2487,0.0,46.264843,100.4
0.0,3.3099935,0.0,0.0,0.0,0.0,0.0,"","2023-04-28 08:00",35.2033,0.0,0.0,61.493313,0.0,0.0,28.2487,0.0,46.264843,100.7
0.0,3.3099935,0.0,0.0,0.0,0.0,0.0,"","2023-04-28 07:23",35.2033,0.0,0.0,61.493313,0.0,0.0,28.2487,0.0,46.264843,100.2
0.0,3.3135831,0.0,0.0,0.0,0.0,0.0,"","2023-04-27 08:07",34.971596,0.0,0.0,61.713165,0.0,0.0,28.12157,0.0,46.43028,99.95
0.0,3.3041956,0.0,0.0,0.0,0.0,0.0,"","2023-04-26 06:46",34.991085,0.0,0.0,61.694782,0.0,0.0,27.994446,0.0,46.416363,99.7
0.0,3.3058465,0.0,0.0,0.0,0.0,0.0,"","2023-04-26 06:32",35.024155,0.0,0.0,61.663383,0.0,0.0,28.0453,0.0,46.39275,99.8
0.0,3.3041334,0.0,0.0,0.0,0.0,0.0,"","2023-04-26 03:50",35.252064,0.0,0.0,61.4471,0.0,0.0,28.19785,0.0,46.23003,100.4
0.0,3.3041334,0.0,0.0,0.0,0.0,0.0,"","2023-04-25 06:23",35.252064,0.0,0.0,61.4471,0.0,0.0,28.19785,0.0,46.23003,100.2
0.0,3.3041334,0.0,0.0,0.0,0.0,0.0,"","2023-04-25 06:01",35.252064,0.0,0.0,61.4471,0.0,0.0,28.19785,0.0,46.23003,100.1
0.0,3.3134387,0.0,0.0,0.0,0.0,0.0,"","2023-04-24 08:18",35.394543,0.0,0.0,61.31178,0.0,0.0,28.452099,0.0,46.128292,100.6
0.0,3.3134387,0.0,0.0,0.0,0.0,0.0,"","2023-04-24 07:53",35.394543,0.0,0.0,61.31178,0.0,0.0,28.452099,0.0,46.128292,100.6
0.0,3.3134387,0.0,0.0,0.0,0.0,0.0,"","2023-04-24 05:04",35.394543,0.0,0.0,61.31178,0.0,0.0,28.452099,0.0,46.128292,100.6
0.0,3.3192983,0.0,0.0,0.0,0.0,0.0,"","2023-04-23 08:06",35.345886,0.0,0.0,61.357887,0.0,0.0,28.502949,0.0,46.163033,100.7
0.0,3.3070428,0.0,0.0,0.0,0.0,0.0,"","2023-04-22 09:36",35.130913,0.0,0.0,61.562046,0.0,0.0,28.147,0.0,46.316525,101.1
0.0,3.3070428,0.0,0.0,0.0,0.0,0.0,"","2023-04-21 07:33",35.130913,0.0,0.0,61.562046,0.0,0.0,28.147,0.0,46.316525,100.6
0.0,3.3070428,0.0,0.0,0.0,0.0,0.0,"","2023-04-21 07:19",35.130913,0.0,0.0,61.562046,0.0,0.0,28.147,0.0,46.316525,100.6
0.0,3.3070428,0.0,0.0,0.0,0.0,0.0,"","2023-04-20 08:44",35.130913,0.0,0.0,61.562046,0.0,0.0,28.147,0.0,46.316525,100.5
0.0,3.3070428,0.0,0.0,0.0,0.0,0.0,"","2023-04-20 07:49",35.130913,0.0,0.0,61.562046,0.0,0.0,28.147,0.0,46.316525,100.0
0.0,3.3197107,0.0,0.0,0.0,0.0,0.0,"","2023-04-19 10:56",35.080074,0.0,0.0,61.61014,0.0,0.0,28.29955,0.0,46.35282,100.3
0.0,3.3315535,0.0,0.0,0.0,0.0,0.0,"","2023-04-18 09:32",35.557907,0.0,0.0,61.15654,0.0,0.0,28.858898,0.0,46.01165,101.4
0.0,3.327056,0.0,0.0,0.0,0.0,0.0,"","2023-04-17 09:59",35.389023,0.0,0.0,61.316864,0.0,0.0,28.655499,0.0,46.132236,101.0
0.0,3.3323996,0.0,0.0,0.0,0.0,0.0,"","2023-04-16 09:44",35.66861,0.0,0.0,61.051464,0.0,0.0,28.960598,0.0,45.93261,101.6
0.0,3.315791,0.0,0.0,0.0,0.0,0.0,"","2023-04-15 10:05",35.413414,0.0,0.0,61.29384,0.0,0.0,28.502949,0.0,46.114822,100.7
0.0,3.3246007,0.0,0.0,0.0,0.0,0.0,"","2023-04-14 09:44",35.436153,0.0,0.0,61.272167,0.0,0.0,28.655499,0.0,46.098583,101.0
0.0,3.3235483,0.0,0.0,0.0,0.0,0.0,"","2023-04-13 10:55",35.45635,0.0,0.0,61.25301,0.0,0.0,28.655499,0.0,46.084167,101.0
0.0,3.344923,0.0,0.0,0.0,0.0,0.0,"","2023-04-12 09:24",35.49313,0.0,0.0,61.217857,0.0,0.0,29.011448,0.0,46.0579,101.7
0.0,3.3208456,0.0,0.0,0.0,0.0,0.0,"","2023-04-11 09:20",35.444313,0.0,0.0,61.26446,0.0,0.0,28.604649,0.0,46.09276,100.9
0.0,3.3267052,0.0,0.0,0.0,0.0,0.0,"","2023-04-10 08:35",35.395752,0.0,0.0,61.31048,0.0,0.0,28.655499,0.0,46.12743,101.0
0.0,3.3459134,0.0,0.0,0.0,0.0,0.0,"","2023-04-09 08:32",35.727043,0.0,0.0,60.99586,0.0,0.0,29.214848,0.0,45.890892,102.1
0.0,3.3616765,0.0,0.0,0.0,0.0,0.0,"","2023-04-08 08:15",35.867424,0.0,0.0,60.86247,0.0,0.0,29.5708,0.0,45.790657,102.8
0.0,3.3405697,0.0,0.0,0.0,0.0,0.0,"","2023-04-07 09:22",35.449173,0.0,0.0,61.259624,0.0,0.0,28.909748,0.0,46.089287,102.8
0.0,3.3381147,0.0,0.0,0.0,0.0,0.0,"","2023-04-06 08:21",35.496067,0.0,0.0,61.215153,0.0,0.0,28.909748,0.0,46.05581,101.5
0.0,3.323734,0.0,0.0,0.0,0.0,0.0,"","2023-04-05 08:51",35.770752,0.0,0.0,60.954636,0.0,0.0,28.909748,0.0,45.85968,101.8
0.0,3.323734,0.0,0.0,0.0,0.0,0.0,"","2023-04-04 09:13",35.770752,0.0,0.0,60.954636,0.0,0.0,28.909748,0.0,45.85968,101.4
0.0,3.323734,0.0,0.0,0.0,0.0,0.0,"","2023-04-04 09:12",35.770752,0.0,0.0,60.954636,0.0,0.0,28.909748,0.0,45.85968,101.3
0.0,3.323734,0.0,0.0,0.0,0.0,0.0,"","2023-04-04 08:44",35.770752,0.0,0.0,60.954636,0.0,0.0,28.909748,0.0,45.85968,101.5
0.0,3.316224,0.0,0.0,0.0,0.0,0.0,"","2023-04-03 08:46",35.78767,0.0,0.0,60.938663,0.0,0.0,28.808052,0.0,45.8476,101.3
0.0,3.3158734,0.0,0.0,0.0,0.0,0.0,"","2023-04-03 08:45",35.794384,0.0,0.0,60.932297,0.0,0.0,28.808052,0.0,45.842804,101.3
0.0,3.3171728,0.0,0.0,0.0,0.0,0.0,"","2023-04-03 08:31",35.83286,0.0,0.0,60.89577,0.0,0.0,28.858898,0.0,45.81534,101.4
0.0,3.335288,0.0,0.0,0.0,0.0,0.0,"","2023-04-02 09:17",35.991497,0.0,0.0,60.74501,0.0,0.0,29.265697,0.0,45.70207,102.2
0.0,3.33405,0.0,0.0,0.0,0.0,0.0,"","2023-04-01 08:56",35.700405,0.0,0.0,61.021275,0.0,0.0,29.011448,0.0,45.909904,101.7
0.0,3.33405,0.0,0.0,0.0,0.0,0.0,"","2023-04-01 05:56",35.700405,0.0,0.0,61.021275,0.0,0.0,29.011448,0.0,45.909904,101.7
0.0,3.3323996,0.0,0.0,0.0,0.0,0.0,"","2023-04-01 05:55",35.66861,0.0,0.0,61.051464,0.0,0.0,28.960598,0.0,45.93261,101.6
0.0,3.3323996,0.0,0.0,0.0,0.0,0.0,"","2023-03-31 10:17",35.66861,0.0,0.0,61.051464,0.0,0.0,28.960598,0.0,45.93261,101.6
0.0,3.3323996,0.0,0.0,0.0,0.0,0.0,"","2023-03-31 10:16",35.66861,0.0,0.0,61.051464,0.0,0.0,28.960598,0.0,45.93261,101.6
0.0,3.3338437,0.0,0.0,0.0,0.0,0.0,"","2023-03-31 09:43",35.830532,0.0,0.0,60.897785,0.0,0.0,29.113148,0.0,45.816998,101.9
0.0,3.3338437,0.0,0.0,0.0,0.0,0.0,"","2023-03-31 09:42",35.830532,0.0,0.0,60.897785,0.0,0.0,29.113148,0.0,45.816998,102.0
0.0,3.3338437,0.0,0.0,0.0,0.0,0.0,"","2023-03-31 09:41",35.830532,0.0,0.0,60.897785,0.0,0.0,29.113148,0.0,45.816998,101.9
0.0,3.352516,0.0,0.0,0.0,0.0,0.0,"","2023-03-30 10:51",35.85298,0.0,0.0,60.876274,0.0,0.0,29.418247,0.0,45.80097,102.7
0.0,3.352516,0.0,0.0,0.0,0.0,0.0,"","2023-03-29 08:37",35.85298,0.0,0.0,60.876274,0.0,0.0,29.418247,0.0,45.80097,102.5
0.0,3.352516,0.0,0.0,0.0,0.0,0.0,"","2023-03-29 08:36",35.85298,0.0,0.0,60.876274,0.0,0.0,29.418247,0.0,45.80097,102.5
0.0,3.3723843,0.0,0.0,0.0,0.0,0.0,"","2023-03-28 11:20",35.97688,0.0,0.0,60.758472,0.0,0.0,29.82505,0.0,45.712505,103.3
0.0,3.3723843,0.0,0.0,0.0,0.0,0.0,"","2023-03-28 08:23",35.97688,0.0,0.0,60.758472,0.0,0.0,29.82505,0.0,45.712505,103.3
0.0,3.3723843,0.0,0.0,0.0,0.0,0.0,"","2023-03-28 08:22",35.97688,0.0,0.0,60.758472,0.0,0.0,29.82505,0.0,45.712505,103.3
0.0,3.4159384,0.0,0.0,0.0,0.0,0.0,"","2023-01-04 10:02",36.989384,0.0,0.0,59.797123,0.0,0.0,31.350552,0.0,44.98958,106.3
0.0,3.4578216,0.0,0.0,0.0,0.0,0.0,"","2023-01-04 01:08",37.345387,0.0,0.0,59.45884,0.0,0.0,17.629662,0.0,44.735394,108.2
0.0,3.4564185,0.0,0.0,0.0,0.0,0.0,"","2023-01-03 11:14",37.370525,0.0,0.0,59.435,0.0,0.0,17.629662,0.0,44.717445,108.2
0.0,3.3996806,0.0,0.0,0.0,0.0,0.0,"","2022-12-30 08:43",36.75039,0.0,0.0,60.02411,0.0,0.0,30.892899,0.0,45.16022,105.4
0.0,3.4069846,0.0,0.0,0.0,0.0,0.0,"","2022-12-29 09:07",36.85568,0.0,0.0,59.92411,0.0,0.0,31.096302,0.0,45.08504,105.9
0.0,3.4069846,0.0,0.0,0.0,0.0,0.0,"","2022-12-29 09:04",36.85568,0.0,0.0,59.92411,0.0,0.0,31.096302,0.0,45.08504,106.0
0.0,3.4069846,0.0,0.0,0.0,0.0,0.0,"","2022-12-29 07:45",36.85568,0.0,0.0,59.92411,0.0,0.0,31.096302,0.0,45.08504,105.8
0.0,3.4069846,0.0,0.0,0.0,0.0,0.0,"","2022-12-29 07:44",36.85568,0.0,0.0,59.92411,0.0,0.0,31.096302,0.0,45.08504,105.8
0.0,3.3997216,0.0,0.0,0.0,0.0,0.0,"","2022-12-28 08:44",36.92915,0.0,0.0,59.85447,0.0,0.0,31.045448,0.0,45.032585,105.6
0.0,3.3997216,0.0,0.0,0.0,0.0,0.0,"","2022-12-28 08:29",36.92915,0.0,0.0,59.85447,0.0,0.0,31.045448,0.0,45.032585,105.7
0.0,3.4083252,0.0,0.0,0.0,0.0,0.0,"","2022-12-27 08:05",37.069027,0.0,0.0,59.721626,0.0,0.0,31.299698,0.0,44.932713,106.2
0.0,3.4285445,0.0,0.0,0.0,0.0,0.0,"","2022-12-26 10:33",37.173195,0.0,0.0,59.622562,0.0,0.0,17.476837,0.0,44.858337,107.0
0.0,3.4459171,0.0,0.0,0.0,0.0,0.0,"","2022-12-25 11:00",37.1521,0.0,0.0,59.6424,0.0,0.0,17.540514,0.0,44.8734,107.5
0.0,3.4039304,0.0,0.0,0.0,0.0,0.0,"","2022-12-24 09:12",36.851955,0.0,0.0,59.927677,0.0,0.0,31.045448,0.0,45.087704,105.7
0.0,3.4039717,0.0,0.0,0.0,0.0,0.0,"","2022-12-24 08:42",37.029922,0.0,0.0,59.75878,0.0,0.0,31.197998,0.0,44.960632,106.0
0.0,3.4065304,0.0,0.0,0.0,0.0,0.0,"","2022-12-23 09:23",36.92362,0.0,0.0,59.85964,0.0,0.0,31.147148,0.0,45.036533,105.9
0.0,3.409728,0.0,0.0,0.0,0.0,0.0,"","2022-12-23 09:22",37.043423,0.0,0.0,59.745907,0.0,0.0,31.299698,0.0,44.950993,105.8
0.0,3.409728,0.0,0.0,0.0,0.0,0.0,"","2022-12-22 09:12",37.043423,0.0,0.0,59.745907,0.0,0.0,31.299698,0.0,44.950993,106.2
0.0,3.413731,0.0,0.0,0.0,0.0,0.0,"","2022-12-21 11:11",37.08882,0.0,0.0,59.70279,0.0,0.0,31.401398,0.0,44.91858,107.3
0.0,3.413731,0.0,0.0,0.0,0.0,0.0,"","2022-12-21 09:20",37.08882,0.0,0.0,59.70279,0.0,0.0,31.401398,0.0,44.91858,106.4
0.0,3.4382627,0.0,0.0,0.0,0.0,0.0,"","2022-12-20 09:59",37.055935,0.0,0.0,59.733734,0.0,0.0,17.489573,0.0,44.94206,107.1
0.0,3.423882,0.0,0.0,0.0,0.0,0.0,"","2022-12-19 12:40",37.31625,0.0,0.0,59.486847,0.0,0.0,17.489573,0.0,44.756195,108.8
0.0,3.423882,0.0,0.0,0.0,0.0,0.0,"","2022-12-19 12:39",37.31625,0.0,0.0,59.486847,0.0,0.0,17.489573,0.0,44.756195,108.7
0.0,3.423882,0.0,0.0,0.0,0.0,0.0,"","2022-12-17 08:54",37.31625,0.0,0.0,59.486847,0.0,0.0,17.489573,0.0,44.756195,107.1
0.0,3.4230564,0.0,0.0,0.0,0.0,0.0,"","2022-12-15 09:45",36.800106,0.0,0.0,59.976677,0.0,0.0,31.299698,0.0,45.12472,106.2
0.0,3.4289572,0.0,0.0,0.0,0.0,0.0,"","2022-12-15 09:19",36.929935,0.0,0.0,59.85341,0.0,0.0,31.503098,0.0,45.032024,106.6
0.0,3.4163303,0.0,0.0,0.0,0.0,0.0,"","2022-12-15 07:42",37.15958,0.0,0.0,59.63561,0.0,0.0,31.503098,0.0,44.868057,106.6
0.0,3.431949,0.0,0.0,0.0,0.0,0.0,"","2022-12-14 10:06",37.170227,0.0,0.0,59.62534,0.0,0.0,17.489573,0.0,44.860455,107.1
0.0,3.431949,0.0,0.0,0.0,0.0,0.0,"","2022-12-14 09:13",37.170227,0.0,0.0,59.62534,0.0,0.0,17.489573,0.0,44.860455,107.1
0.0,3.4298446,0.0,0.0,0.0,0.0,0.0,"","2022-12-14 08:44",37.208313,0.0,0.0,59.589214,0.0,0.0,17.489573,0.0,44.833263,107.1
0.0,3.4423683,0.0,0.0,0.0,0.0,0.0,"","2022-12-13 12:28",37.0404,0.0,0.0,59.74844,0.0,0.0,17.502308,0.0,44.953156,107.2
0.0,3.4423683,0.0,0.0,0.0,0.0,0.0,"","2022-12-13 12:24",37.0404,0.0,0.0,59.74844,0.0,0.0,17.502308,0.0,44.953156,107.2
0.0,3.4285445,0.0,0.0,0.0,0.0,0.0,"","2022-12-13 09:32",37.173195,0.0,0.0,59.622562,0.0,0.0,17.476837,0.0,44.858337,107.0
0.0,3.4269354,0.0,0.0,0.0,0.0,0.0,"","2022-12-13 09:03",37.319504,0.0,0.0,59.483734,0.0,0.0,17.502308,0.0,44.753872,107.2
0.0,3.4097695,0.0,0.0,0.0,0.0,0.0,"","2022-12-13 09:02",37.220013,0.0,0.0,59.578323,0.0,0.0,31.452248,0.0,44.82491,107.2
0.0,3.4097695,0.0,0.0,0.0,0.0,0.0,"","2022-12-12 09:09",37.220013,0.0,0.0,59.578323,0.0,0.0,31.452248,0.0,44.82491,106.5
0.0,3.4169698,0.0,0.0,0.0,0.0,0.0,"","2022-12-11 11:14",37.38291,0.0,0.0,59.423664,0.0,0.0,17.476837,0.0,44.708603,107.2
0.0,3.4169698,0.0,0.0,0.0,0.0,0.0,"","2022-12-11 10:38",37.38291,0.0,0.0,59.423664,0.0,0.0,17.476837,0.0,44.708603,107.4
0.0,3.4169698,0.0,0.0,0.0,0.0,0.0,"","2022-12-11 09:36",37.38291,0.0,0.0,59.423664,0.0,0.0,17.476837,0.0,44.708603,107.1
0.0,3.4169698,0.0,0.0,0.0,0.0,0.0,"","2022-12-11 09:35",37.38291,0.0,0.0,59.423664,0.0,0.0,17.476837,0.0,44.708603,107.0
0.0,3.4169698,0.0,0.0,0.0,0.0,0.0,"","2022-12-11 09:34",37.38291,0.0,0.0,59.423664,0.0,0.0,17.476837,0.0,44.708603,107.0
0.0,3.4136689,0.0,0.0,0.0,0.0,0.0,"","2022-12-11 09:32",37.325573,0.0,0.0,59.47811,0.0,0.0,31.604801,0.0,44.74954,106.8
0.0,3.4280908,0.0,0.0,0.0,0.0,0.0,"","2022-12-10 10:59",37.240063,0.0,0.0,59.559113,0.0,0.0,17.489573,0.0,44.810596,107.8
0.0,3.4280908,0.0,0.0,0.0,0.0,0.0,"","2022-12-10 10:35",37.240063,0.0,0.0,59.559113,0.0,0.0,17.489573,0.0,44.810596,107.1
0.0,3.4280908,0.0,0.0,0.0,0.0,0.0,"","2022-12-10 08:48",37.240063,0.0,0.0,59.559113,0.0,0.0,17.489573,0.0,44.810596,107.1
0.0,3.4280908,0.0,0.0,0.0,0.0,0.0,"","2022-12-10 08:47",37.240063,0.0,0.0,59.559113,0.0,0.0,17.489573,0.0,44.810596,107.1
0.0,3.416083,0.0,0.0,0.0,0.0,0.0,"","2022-12-09 08:43",37.105076,0.0,0.0,59.687332,0.0,0.0,31.452248,0.0,44.906975,106.5
0.0,3.4359515,0.0,0.0,0.0,0.0,0.0,"","2022-12-08 09:45",37.21502,0.0,0.0,59.58279,0.0,0.0,17.515043,0.0,44.828476,107.3
0.0,3.4359515,0.0,0.0,0.0,0.0,0.0,"","2022-12-08 09:44",37.21502,0.0,0.0,59.58279,0.0,0.0,17.515043,0.0,44.828476,107.3
0.0,3.4401603,0.0,0.0,0.0,0.0,0.0,"","2022-12-08 08:01",37.138973,0.0,0.0,59.65492,0.0,0.0,17.515043,0.0,44.882774,107.3
0.0,3.4380972,0.0,0.0,0.0,0.0,0.0,"","2022-12-08 07:16",37.351406,0.0,0.0,59.453327,0.0,0.0,17.55325,0.0,44.731094,107.7
0.0,3.4380972,0.0,0.0,0.0,0.0,0.0,"","2022-12-08 07:15",37.351406,0.0,0.0,59.453327,0.0,0.0,17.55325,0.0,44.731094,107.6
0.0,3.4226854,0.0,0.0,0.0,0.0,0.0,"","2022-12-07 10:02",37.22068,0.0,0.0,59.577553,0.0,0.0,17.464102,0.0,44.824432,106.9
0.0,3.4226854,0.0,0.0,0.0,0.0,0.0,"","2022-12-07 08:30",37.22068,0.0,0.0,59.577553,0.0,0.0,17.464102,0.0,44.824432,106.9
0.0,3.4287925,0.0,0.0,0.0,0.0,0.0,"","2022-12-07 08:09",37.227364,0.0,0.0,59.571148,0.0,0.0,17.489573,0.0,44.81966,107.1
0.0,3.4307935,0.0,0.0,0.0,0.0,0.0,"","2022-12-07 08:08",37.249733,0.0,0.0,59.549896,0.0,0.0,17.502308,0.0,44.803688,107.1
0.0,3.4307935,0.0,0.0,0.0,0.0,0.0,"","2022-12-06 09:33",37.249733,0.0,0.0,59.549896,0.0,0.0,17.502308,0.0,44.803688,107.2
0.0,3.4358897,0.0,0.0,0.0,0.0,0.0,"","2022-12-06 09:07",37.44931,0.0,0.0,59.36045,0.0,0.0,17.565985,0.0,44.66119,107.7
0.0,3.447444,0.0,0.0,0.0,0.0,0.0,"","2022-12-05 10:48",37.64659,0.0,0.0,59.17311,0.0,0.0,17.655132,0.0,44.520332,109.0
0.0,3.447444,0.0,0.0,0.0,0.0,0.0,"","2022-12-04 10:50",37.64659,0.0,0.0,59.17311,0.0,0.0,17.655132,0.0,44.520332,108.4
0.0,3.412823,0.0,0.0,0.0,0.0,0.0,"","2022-12-03 08:17",37.223373,0.0,0.0,59.575108,0.0,0.0,31.503098,0.0,44.82251,106.6
0.0,3.4219425,0.0,0.0,0.0,0.0,0.0,"","2022-12-02 08:45",37.057514,0.0,0.0,59.732414,0.0,0.0,31.503098,0.0,44.940933,106.6
0.0,3.4219425,0.0,0.0,0.0,0.0,0.0,"","2022-12-02 08:44",37.057514,0.0,0.0,59.732414,0.0,0.0,31.503098,0.0,44.940933,106.6
0.0,3.425429,0.0,0.0,0.0,0.0,0.0,"","2022-12-01 10:11",37.405144,0.0,0.0,59.40247,0.0,0.0,17.515043,0.0,44.692726,107.3
0.0,3.4370036,0.0,0.0,0.0,0.0,0.0,"","2022-11-30 09:50",37.196003,0.0,0.0,59.600822,0.0,0.0,17.515043,0.0,44.842052,107.3
0.0,3.4533653,0.0,0.0,0.0,0.0,0.0,"","2022-11-29 08:05",37.36735,0.0,0.0,59.438053,0.0,0.0,17.616926,0.0,44.71971,108.1
0.0,3.4331455,0.0,0.0,0.0,0.0,0.0,"","2022-11-27 08:42",37.265717,0.0,0.0,59.53471,0.0,0.0,17.515043,0.0,44.79228,107.3
0.0,3.4283383,0.0,0.0,0.0,0.0,0.0,"","2022-11-26 11:31",37.294132,0.0,0.0,59.507793,0.0,0.0,17.502308,0.0,44.771988,108.0
0.0,3.4283383,0.0,0.0,0.0,0.0,0.0,"","2022-11-26 10:45",37.294132,0.0,0.0,59.507793,0.0,0.0,17.502308,0.0,44.771988,107.8
0.0,3.4283383,0.0,0.0,0.0,0.0,0.0,"","2022-11-25 08:35",37.294132,0.0,0.0,59.507793,0.0,0.0,17.502308,0.0,44.771988,107.2
0.0,3.4278429,0.0,0.0,0.0,0.0,0.0,"","2022-11-24 11:01",37.1859,0.0,0.0,59.61051,0.0,0.0,17.476837,0.0,44.849266,107.0
0.0,3.422582,0.0,0.0,0.0,0.0,0.0,"","2022-11-24 08:57",37.281227,0.0,0.0,59.520096,0.0,0.0,17.476837,0.0,44.781204,107.0
0.0,3.4398096,0.0,0.0,0.0,0.0,0.0,"","2022-11-23 09:12",37.14531,0.0,0.0,59.648903,0.0,0.0,17.515043,0.0,44.87825,107.3
0.0,3.4551601,0.0,0.0,0.0,0.0,0.0,"","2022-11-22 08:38",37.50859,0.0,0.0,59.303993,0.0,0.0,17.655132,0.0,44.618862,108.4
0.0,3.4774835,0.0,0.0,0.0,0.0,0.0,"","2022-11-19 11:48",37.570065,0.0,0.0,59.245426,0.0,0.0,17.757015,0.0,44.574974,109.2
0.0,3.4777315,0.0,0.0,0.0,0.0,0.0,"","2022-11-18 10:59",37.62279,0.0,0.0,59.19539,0.0,0.0,17.76975,0.0,44.537327,109.3
0.0,3.4535098,0.0,0.0,0.0,0.0,0.0,"","2022-11-18 10:58",37.48043,0.0,0.0,59.330734,0.0,0.0,17.642397,0.0,44.638973,109.6
0.0,3.4535098,0.0,0.0,0.0,0.0,0.0,"","2022-11-17 10:58",37.48043,0.0,0.0,59.330734,0.0,0.0,17.642397,0.0,44.638973,108.3
0.0,3.4595132,0.0,0.0,0.0,0.0,0.0,"","2022-11-16 12:56",37.545956,0.0,0.0,59.26849,0.0,0.0,17.680603,0.0,44.592186,108.6
0.0,3.458564,0.0,0.0,0.0,0.0,0.0,"","2022-11-13 09:21",37.50536,0.0,0.0,59.307026,0.0,0.0,17.667868,0.0,44.62117,108.5
0.0,3.4504974,0.0,0.0,0.0,0.0,0.0,"","2022-11-12 09:43",37.6495,0.0,0.0,59.170315,0.0,0.0,17.667868,0.0,44.518253,108.5
0.0,3.4384892,0.0,0.0,0.0,0.0,0.0,"","2022-11-10 09:09",37.518547,0.0,0.0,59.294716,0.0,0.0,17.591455,0.0,44.611755,107.9
0.0,3.4520442,0.0,0.0,0.0,0.0,0.0,"","2022-11-09 11:50",37.73663,0.0,0.0,59.08762,0.0,0.0,17.693338,0.0,44.456043,108.7
0.0,3.4379938,0.0,0.0,0.0,0.0,0.0,"","2022-11-07 12:43",37.411434,0.0,0.0,59.39637,0.0,0.0,17.565985,0.0,44.688236,107.7
0.0,3.3946877,0.0,0.0,0.0,0.0,0.0,"","2022-11-06 08:35",37.494564,0.0,0.0,59.317936,0.0,0.0,31.452248,0.0,44.62888,106.5
0.0,3.4258213,0.0,0.0,0.0,0.0,0.0,"","2022-11-02 08:30",37.572594,0.0,0.0,59.24356,0.0,0.0,17.55325,0.0,44.573166,107.6
0.0,3.423882,0.0,0.0,0.0,0.0,0.0,"","2022-10-29 08:05",37.31625,0.0,0.0,59.486847,0.0,0.0,17.489573,0.0,44.756195,107.1
0.0,3.4325888,0.0,0.0,0.0,0.0,0.0,"","2022-10-28 10:57",37.39247,0.0,0.0,59.41442,0.0,0.0,17.540514,0.0,44.70177,107.5
0.0,3.4113169,0.0,0.0,0.0,0.0,0.0,"","2022-10-27 08:04",37.30957,0.0,0.0,59.49332,0.0,0.0,31.553947,0.0,44.760967,106.7
0.0,3.4113169,0.0,0.0,0.0,0.0,0.0,"","2022-10-27 08:03",37.30957,0.0,0.0,59.49332,0.0,0.0,31.553947,0.0,44.760967,106.7
0.0,3.4113169,0.0,0.0,0.0,0.0,0.0,"","2022-10-26 10:05",37.30957,0.0,0.0,59.49332,0.0,0.0,31.553947,0.0,44.760967,106.7
0.0,3.4167228,0.0,0.0,0.0,0.0,0.0,"","2022-10-25 10:36",37.328823,0.0,0.0,59.47499,0.0,0.0,17.464102,0.0,44.74722,106.9
0.0,3.4231803,0.0,0.0,0.0,0.0,0.0,"","2022-10-24 09:30",37.328953,0.0,0.0,59.4748,0.0,0.0,17.489573,0.0,44.747128,107.1
0.0,3.4483101,0.0,0.0,0.0,0.0,0.0,"","2022-10-23 09:46",37.34209,0.0,0.0,59.46207,0.0,0.0,17.591455,0.0,44.737743,107.9
0.0,3.4372926,0.0,0.0,0.0,0.0,0.0,"","2022-10-23 08:22",37.424057,0.0,0.0,59.384396,0.0,0.0,17.565985,0.0,44.67922,107.7
0.0,3.4328358,0.0,0.0,0.0,0.0,0.0,"","2022-10-22 10:49",37.4462,0.0,0.0,59.363434,0.0,0.0,17.55325,0.0,44.66341,107.6
0.0,3.4109662,0.0,0.0,0.0,0.0,0.0,"","2022-10-21 08:52",37.31594,0.0,0.0,59.487278,0.0,0.0,31.553947,0.0,44.756416,106.7
0.0,3.4127407,0.0,0.0,0.0,0.0,0.0,"","2022-10-20 10:46",36.869537,0.0,0.0,59.910892,0.0,0.0,31.197998,0.0,45.07515,106.0
0.0,3.4099758,0.0,0.0,0.0,0.0,0.0,"","2022-10-20 08:53",37.098133,0.0,0.0,59.693985,0.0,0.0,31.350552,0.0,44.911934,106.3
0.0,3.4384687,0.0,0.0,0.0,0.0,0.0,"","2022-10-19 13:07",36.934437,0.0,0.0,59.849037,0.0,0.0,17.464102,0.0,45.02881,106.9
0.0,3.4446173,0.0,0.0,0.0,0.0,0.0,"","2022-10-18 08:44",37.117046,0.0,0.0,59.675674,0.0,0.0,17.527779,0.0,44.898426,107.4
0.0,3.4234278,0.0,0.0,0.0,0.0,0.0,"","2022-10-17 09:01",37.382935,0.0,0.0,59.42357,0.0,0.0,17.502308,0.0,44.70858,107.2
0.0,3.4300508,0.0,0.0,0.0,0.0,0.0,"","2022-10-16 10:15",37.0871,0.0,0.0,59.704247,0.0,0.0,17.464102,0.0,44.919807,106.9
0.0,3.4382005,0.0,0.0,0.0,0.0,0.0,"","2022-10-15 08:31",37.291264,0.0,0.0,59.510414,0.0,0.0,17.540514,0.0,44.774036,107.5
0.0,3.4420998,0.0,0.0,0.0,0.0,0.0,"","2022-10-15 08:30",37.395657,0.0,0.0,59.411304,0.0,0.0,17.57872,0.0,44.6995,107.5
0.0,3.4420998,0.0,0.0,0.0,0.0,0.0,"","2022-10-15 07:51",37.395657,0.0,0.0,59.411304,0.0,0.0,17.57872,0.0,44.6995,107.8
0.0,3.4420998,0.0,0.0,0.0,0.0,0.0,"","2022-10-15 07:40",37.395657,0.0,0.0,59.411304,0.0,0.0,17.57872,0.0,44.6995,107.8
0.0,3.4582343,0.0,0.0,0.0,0.0,0.0,"","2022-10-14 09:59",37.105484,0.0,0.0,59.68651,0.0,0.0,17.57872,0.0,44.906685,107.8
0.0,3.4492588,0.0,0.0,0.0,0.0,0.0,"","2022-10-14 07:47",37.38307,0.0,0.0,59.423172,0.0,0.0,17.60419,0.0,44.708485,108.0
0.0,3.4492588,0.0,0.0,0.0,0.0,0.0,"","2022-10-14 07:46",37.38307,0.0,0.0,59.423172,0.0,0.0,17.60419,0.0,44.708485,108.0
0.0,3.4338882,0.0,0.0,0.0,0.0,0.0,"","2022-10-13 07:45",37.427242,0.0,0.0,59.381416,0.0,0.0,17.55325,0.0,44.67695,107.6
0.0,3.438448,0.0,0.0,0.0,0.0,0.0,"","2022-10-12 08:45",37.34509,0.0,0.0,59.45933,0.0,0.0,17.55325,0.0,44.735603,107.5
0.0,3.438448,0.0,0.0,0.0,0.0,0.0,"","2022-10-12 08:44",37.34509,0.0,0.0,59.45933,0.0,0.0,17.55325,0.0,44.735603,107.6
0.0,3.4395003,0.0,0.0,0.0,0.0,0.0,"","2022-10-11 08:10",37.326126,0.0,0.0,59.477314,0.0,0.0,17.55325,0.0,44.749146,107.6
0.0,3.4385924,0.0,0.0,0.0,0.0,0.0,"","2022-10-11 07:34",37.458736,0.0,0.0,59.351475,0.0,0.0,17.57872,0.0,44.65446,107.8
0.0,3.4326918,0.0,0.0,0.0,0.0,0.0,"","2022-10-11 07:33",37.33232,0.0,0.0,59.4715,0.0,0.0,17.527779,0.0,44.74472,108.0
0.0,3.4326918,0.0,0.0,0.0,0.0,0.0,"","2022-10-11 04:32",37.33232,0.0,0.0,59.4715,0.0,0.0,17.527779,0.0,44.74472,107.4
0.0,3.4326918,0.0,0.0,0.0,0.0,0.0,"","2022-10-11 04:31",37.33232,0.0,0.0,59.4715,0.0,0.0,17.527779,0.0,44.74472,107.4
0.0,3.4246247,0.0,0.0,0.0,0.0,0.0,"","2022-10-10 06:21",37.477947,0.0,0.0,59.333385,0.0,0.0,17.527779,0.0,44.640747,107.4
0.0,3.444442,0.0,0.0,0.0,0.0,0.0,"","2022-10-09 05:09",37.411587,0.0,0.0,59.396156,0.0,0.0,17.441456,0.0,44.688126,107.9
0.0,3.4297314,0.0,0.0,0.0,0.0,0.0,"","2022-10-08 07:53",37.268936,0.0,0.0,59.531685,0.0,0.0,17.352308,0.0,44.789978,107.2
0.0,3.4330323,0.0,0.0,0.0,0.0,0.0,"","2022-10-08 07:52",37.326176,0.0,0.0,59.477337,0.0,0.0,17.377779,0.0,44.74911,107.4
0.0,3.4262235,0.0,0.0,0.0,0.0,0.0,"","2022-10-08 04:31",37.33238,0.0,0.0,59.47152,0.0,0.0,17.352308,0.0,44.744682,107.2
0.0,3.4181154,0.0,0.0,0.0,0.0,0.0,"","2022-10-07 07:22",37.303562,0.0,0.0,59.498947,0.0,0.0,17.314102,0.0,44.765255,107.1
0.0,3.4181154,0.0,0.0,0.0,0.0,0.0,"","2022-10-07 05:21",37.303562,0.0,0.0,59.498947,0.0,0.0,17.314102,0.0,44.765255,106.9
0.0,3.4446476,0.0,0.0,0.0,0.0,0.0,"","2022-10-06 06:57",37.291656,0.0,0.0,59.509964,0.0,0.0,17.415985,0.0,44.773754,107.7
0.0,3.4391806,0.0,0.0,0.0,0.0,0.0,"","2022-10-06 04:45",37.506123,0.0,0.0,59.306496,0.0,0.0,17.441456,0.0,44.620625,107.9
0.0,3.4298754,0.0,0.0,0.0,0.0,0.0,"","2022-10-05 04:05",37.383156,0.0,0.0,59.42329,0.0,0.0,17.377779,0.0,44.708427,107.4
0.0,3.4285343,0.0,0.0,0.0,0.0,0.0,"","2022-10-04 06:50",37.173378,0.0,0.0,59.622383,0.0,0.0,17.326838,0.0,44.858204,107.0
0.0,3.4267807,0.0,0.0,0.0,0.0,0.0,"","2022-10-04 05:15",37.205147,0.0,0.0,59.59225,0.0,0.0,17.326838,0.0,44.835526,107.0
0.0,3.4258733,0.0,0.0,0.0,0.0,0.0,"","2022-10-04 04:34",37.338715,0.0,0.0,59.46551,0.0,0.0,17.352308,0.0,44.740158,107.2
0.0,3.4277716,0.0,0.0,0.0,0.0,0.0,"","2022-10-03 07:50",37.42114,0.0,0.0,59.38727,0.0,0.0,17.377779,0.0,44.681305,107.4
0.0,3.4175582,0.0,0.0,0.0,0.0,0.0,"","2022-10-02 04:49",37.43073,0.0,0.0,59.378273,0.0,0.0,17.339573,0.0,44.674458,107.1
0.0,3.4116986,0.0,0.0,0.0,0.0,0.0,"","2022-10-01 06:21",37.478424,0.0,0.0,59.333073,0.0,0.0,17.326838,0.0,44.640404,107.8
0.0,3.4116986,0.0,0.0,0.0,0.0,0.0,"","2022-09-30 05:29",37.478424,0.0,0.0,59.333073,0.0,0.0,17.326838,0.0,44.640404,107.0
0.0,3.429071,0.0,0.0,0.0,0.0,0.0,"","2022-09-29 06:17",37.45591,0.0,0.0,59.354256,0.0,0.0,17.390514,0.0,44.65648,107.5
0.0,3.4206529,0.0,0.0,0.0,0.0,0.0,"","2022-09-29 04:49",37.607735,0.0,0.0,59.210262,0.0,0.0,17.390514,0.0,44.548073,107.5
0.0,3.4406872,0.0,0.0,0.0,0.0,0.0,"","2022-09-28 07:04",37.42106,0.0,0.0,59.387207,0.0,0.0,17.42872,0.0,44.681366,107.8
0.0,3.4272137,0.0,0.0,0.0,0.0,0.0,"","2022-09-28 05:16",37.547504,0.0,0.0,59.26735,0.0,0.0,17.40325,0.0,44.59108,107.6
0.0,3.4263062,0.0,0.0,0.0,0.0,0.0,"","2022-09-28 04:43",37.679695,0.0,0.0,59.14191,0.0,0.0,17.42872,0.0,44.496696,107.8
0.0,3.4221592,0.0,0.0,0.0,0.0,0.0,"","2022-09-27 04:52",37.522446,0.0,0.0,59.291187,0.0,0.0,17.377779,0.0,44.60897,107.4
0.0,3.4225512,0.0,0.0,0.0,0.0,0.0,"","2022-09-27 04:30",37.689423,0.0,0.0,59.13272,0.0,0.0,17.415985,0.0,44.489754,107.7
0.0,3.429814,0.0,0.0,0.0,0.0,0.0,"","2022-09-26 07:18",37.61661,0.0,0.0,59.201748,0.0,0.0,17.42872,0.0,44.54174,107.8
0.0,3.4367669,0.0,0.0,0.0,0.0,0.0,"","2022-09-25 07:24",37.72265,0.0,0.0,59.10104,0.0,0.0,17.479662,0.0,44.46603,108.2
0.0,3.4400678,0.0,0.0,0.0,0.0,0.0,"","2022-09-25 07:16",37.778515,0.0,0.0,59.047985,0.0,0.0,17.505133,0.0,44.42614,108.4
0.0,3.4533758,0.0,0.0,0.0,0.0,0.0,"","2022-09-24 06:21",37.941246,0.0,0.0,58.89342,0.0,0.0,17.59428,0.0,44.309948,109.1
0.0,3.4515808,0.0,0.0,0.0,0.0,0.0,"","2022-09-23 06:45",37.802116,0.0,0.0,59.025467,0.0,0.0,17.556074,0.0,44.409286,108.8
0.0,3.445019,0.0,0.0,0.0,0.0,0.0,"","2022-09-23 05:48",37.861927,0.0,0.0,58.96878,0.0,0.0,17.543339,0.0,44.366585,108.7
0.0,3.45808,0.0,0.0,0.0,0.0,0.0,"","2022-09-22 05:35",37.971367,0.0,0.0,58.8648,0.0,0.0,17.619751,0.0,44.288445,109.3
0.0,3.4502192,0.0,0.0,0.0,0.0,0.0,"","2022-09-22 04:42",37.99734,0.0,0.0,58.840218,0.0,0.0,17.59428,0.0,44.269897,109.1
0.0,3.4700463,0.0,0.0,0.0,0.0,0.0,"","2022-09-21 05:18",37.929474,0.0,0.0,58.904427,0.0,0.0,17.657957,0.0,44.318356,109.6
0.0,3.4823015,0.0,0.0,0.0,0.0,0.0,"","2022-09-20 06:48",38.107986,0.0,0.0,58.734898,0.0,0.0,17.747105,0.0,44.190895,110.3
0.0,3.4735944,0.0,0.0,0.0,0.0,0.0,"","2022-09-20 05:21",38.036324,0.0,0.0,58.80299,0.0,0.0,17.696163,0.0,44.24206,109.9
0.0,3.4956098,0.0,0.0,0.0,0.0,0.0,"","2022-09-19 08:19",38.265854,0.0,0.0,58.584946,0.0,0.0,17.836252,0.0,44.07818,111.0
0.0,3.4976103,0.0,0.0,0.0,0.0,0.0,"","2022-09-18 05:29",38.286507,0.0,0.0,58.56533,0.0,0.0,17.848988,0.0,44.06343,111.1
0.0,3.5136826,0.0,0.0,0.0,0.0,0.0,"","2022-09-17 07:39",38.22844,0.0,0.0,58.620277,0.0,0.0,17.89993,0.0,44.104893,111.5
0.0,3.5255458,0.0,0.0,0.0,0.0,0.0,"","2022-09-16 07:56",38.24371,0.0,0.0,58.605675,0.0,0.0,17.95087,0.0,44.09399,111.9
0.0,3.51098,0.0,0.0,0.0,0.0,0.0,"","2022-09-15 04:43",38.220024,0.0,0.0,58.628284,0.0,0.0,17.887194,0.0,44.1109,111.4
0.0,3.503119,0.0,0.0,0.0,0.0,0.0,"","2022-09-14 06:49",38.245964,0.0,0.0,58.60375,0.0,0.0,17.861723,0.0,44.09238,111.2
0.0,3.5112278,0.0,0.0,0.0,0.0,0.0,"","2022-09-13 06:32",38.271122,0.0,0.0,58.57979,0.0,0.0,17.89993,0.0,44.074417,111.5
0.0,3.5335927,0.0,0.0,0.0,0.0,0.0,"","2022-09-12 05:52",38.489086,0.0,0.0,58.372738,0.0,0.0,18.040018,0.0,43.918793,112.6
0.0,3.5252366,0.0,0.0,0.0,0.0,0.0,"","2022-09-11 05:16",38.41418,0.0,0.0,58.443897,0.0,0.0,17.989077,0.0,43.972275,112.2
0.0,3.5394113,0.0,0.0,0.0,0.0,0.0,"","2022-09-09 06:31",38.27927,0.0,0.0,58.571785,0.0,0.0,18.014547,0.0,44.0686,112.4
0.0,3.5367496,0.0,0.0,0.0,0.0,0.0,"","2022-09-08 04:26",38.434727,0.0,0.0,58.424286,0.0,0.0,18.040018,0.0,43.957603,112.6
0.0,3.519274,0.0,0.0,0.0,0.0,0.0,"","2022-09-07 04:25",38.517212,0.0,0.0,58.346184,0.0,0.0,17.989077,0.0,43.898712,112.2
0.0,3.523483,0.0,0.0,0.0,0.0,0.0,"","2022-09-06 05:24",38.444477,0.0,0.0,58.41516,0.0,0.0,17.989077,0.0,43.950645,112.2
0.0,3.5231738,0.0,0.0,0.0,0.0,0.0,"","2022-09-02 05:23",38.613956,0.0,0.0,58.25434,0.0,0.0,18.027283,0.0,43.829636,112.5
0.0,3.5513358,0.0,0.0,0.0,0.0,0.0,"","2022-08-31 05:59",38.996243,0.0,0.0,57.891277,0.0,0.0,18.231049,0.0,43.556683,114.1
0.0,3.551646,0.0,0.0,0.0,0.0,0.0,"","2022-08-30 05:00",38.830143,0.0,0.0,58.048904,0.0,0.0,18.192842,0.0,43.675278,113.8
0.0,3.579664,0.0,0.0,0.0,0.0,0.0,"","2022-08-29 06:42",39.102,0.0,0.0,57.790653,0.0,0.0,18.371138,0.0,43.481167,115.2
0.0,3.5629935,0.0,0.0,0.0,0.0,0.0,"","2022-08-28 06:09",39.11831,0.0,0.0,57.77533,0.0,0.0,18.30746,0.0,43.46953,114.7
0.0,3.563096,0.0,0.0,0.0,0.0,0.0,"","2022-08-27 05:47",39.063454,0.0,0.0,57.82739,0.0,0.0,18.294725,0.0,43.508694,114.6
0.0,3.5776627,0.0,0.0,0.0,0.0,0.0,"","2022-08-26 13:17",39.0828,0.0,0.0,57.80889,0.0,0.0,18.358402,0.0,43.494877,115.1
0.0,3.5535853,0.0,0.0,0.0,0.0,0.0,"","2022-08-12 06:37",39.064835,0.0,0.0,57.826164,0.0,0.0,18.25652,0.0,43.507706,114.3
0.0,3.5502837,0.0,0.0,0.0,0.0,0.0,"","2022-08-12 06:36",39.014126,0.0,0.0,57.87432,0.0,0.0,18.231049,0.0,43.543915,114.1
0.0,3.547891,0.0,0.0,0.0,0.0,0.0,"","2022-08-09 06:32",38.84037,0.0,0.0,58.039234,0.0,0.0,18.180107,0.0,43.667976,113.7
0.0,3.5215642,0.0,0.0,0.0,0.0,0.0,"","2022-06-24 06:18",38.750584,0.0,0.0,58.124695,0.0,0.0,18.052753,0.0,43.732082,112.7
0.0,3.5289712,0.0,0.0,0.0,0.0,0.0,"","2022-06-07 05:18",38.786114,0.0,0.0,58.090908,0.0,0.0,18.09096,0.0,43.706715,113.0
0.0,3.5580006,0.0,0.0,0.0,0.0,0.0,"","2022-06-06 11:05",38.883,0.0,0.0,57.998684,0.0,0.0,18.231049,0.0,43.637535,114.1
0.0,3.5104022,0.0,0.0,0.0,0.0,0.0,"","2022-05-30 09:58",38.72512,0.0,0.0,58.148968,0.0,0.0,18.001812,0.0,43.750263,112.3
0.0,3.6031842,0.0,0.0,0.0,0.0,0.0,"","2022-05-12 17:50",39.233654,0.0,0.0,57.6655,0.0,0.0,18.498491,0.0,43.38717,116.2
0.0,3.5683992,0.0,0.0,0.0,0.0,0.0,"","2022-04-13 07:16",39.13308,0.0,0.0,57.76127,0.0,0.0,18.332932,0.0,43.458977,115.1
0.0,3.5683992,0.0,0.0,0.0,0.0,0.0,"","2022-04-13 07:15",39.13308,0.0,0.0,57.76127,0.0,0.0,18.332932,0.0,43.458977,114.9
0.0,3.512961,0.0,0.0,0.0,0.0,0.0,"","2022-03-23 09:41",38.626297,0.0,0.0,58.242725,0.0,0.0,17.989077,0.0,43.82082,115.6
0.0,3.512961,0.0,0.0,0.0,0.0,0.0,"","2022-03-23 09:40",38.626297,0.0,0.0,58.242725,0.0,0.0,17.989077,0.0,43.82082,115.7
0.0,3.512961,0.0,0.0,0.0,0.0,0.0,"","2022-03-14 06:31",38.626297,0.0,0.0,58.242725,0.0,0.0,17.989077,0.0,43.82082,112.2
0.0,3.5838528,0.0,0.0,0.0,0.0,0.0,"","2022-02-28 10:58",39.39974,0.0,0.0,57.508064,0.0,0.0,18.460285,0.0,43.268585,115.9
0.0,3.56646,0.0,0.0,0.0,0.0,0.0,"","2022-02-20 07:40",38.899918,0.0,0.0,57.982548,0.0,0.0,18.269255,0.0,43.625458,115.9
0.0,3.56646,0.0,0.0,0.0,0.0,0.0,"","2022-02-18 06:21",38.899918,0.0,0.0,57.982548,0.0,0.0,18.269255,0.0,43.625458,114.4
0.0,3.601802,0.0,0.0,0.0,0.0,0.0,"","2022-02-17 09:05",38.888573,0.0,0.0,57.99299,0.0,0.0,18.409344,0.0,43.63356,114.6
0.0,3.601802,0.0,0.0,0.0,0.0,0.0,"","2022-02-02 15:29",38.888573,0.0,0.0,57.99299,0.0,0.0,18.409344,0.0,43.63356,115.5
0.0,3.5483239,0.0,0.0,0.0,0.0,0.0,"","2021-11-18 07:12",39.154076,0.0,0.0,57.741528,0.0,0.0,18.25652,0.0,43.44399,114.3
0.0,3.56223,0.0,0.0,0.0,0.0,0.0,"","2021-11-14 05:56",39.34275,0.0,0.0,57.56235,0.0,0.0,18.358402,0.0,43.309277,115.1
0.0,3.5643551,0.0,0.0,0.0,0.0,0.0,"","2021-11-07 05:58",38.935577,0.0,0.0,57.948723,0.0,0.0,18.269255,0.0,43.599995,114.9
0.0,3.5643551,0.0,0.0,0.0,0.0,0.0,"","2021-10-17 06:11",38.935577,0.0,0.0,57.948723,0.0,0.0,18.269255,0.0,43.599995,114.4
0.0,3.554658,0.0,0.0,0.0,0.0,0.0,"","2021-10-07 15:01",38.671047,0.0,0.0,58.199856,0.0,0.0,18.167372,0.0,43.78887,113.6
0.0,3.558341,0.0,0.0,0.0,0.0,0.0,"","2021-08-31 07:32",38.877213,0.0,0.0,58.004173,0.0,0.0,18.081049,0.0,43.641666,114.1
0.0,3.5496342,0.0,0.0,0.0,0.0,0.0,"","2021-08-19 07:43",38.810646,0.0,0.0,58.06742,0.0,0.0,18.030107,0.0,43.689198,113.7
0.0,3.5484376,0.0,0.0,0.0,0.0,0.0,"","2021-08-17 07:26",38.723267,0.0,0.0,58.150352,0.0,0.0,18.004637,0.0,43.751583,113.5
0.0,3.5547922,0.0,0.0,0.0,0.0,0.0,"","2021-08-13 06:42",38.776546,0.0,0.0,58.099728,0.0,0.0,18.042843,0.0,43.713547,113.8
0.0,3.5547922,0.0,0.0,0.0,0.0,0.0,"","2021-08-13 06:41",38.776546,0.0,0.0,58.099728,0.0,0.0,18.042843,0.0,43.713547,113.8
0.0,3.5492423,0.0,0.0,0.0,0.0,0.0,"","2021-08-11 10:32",38.65547,0.0,0.0,58.214687,0.0,0.0,17.991901,0.0,43.79999,113.4
0.0,0.0,0.0,0.0,0.0,0.0,0.0,"","2021-08-04 10:17",38.7,0.0,0.0,65.48,0.0,0.0,0.0,0.0,43.8,112.5
